sku_id,date,actual,forecast
SKU001,2025-10-19,144,134.72
SKU001,2025-10-26,96,142.24
SKU001,2025-11-02,168,140.51
SKU001,2025-11-09,146,134.51
SKU001,2025-11-16,172,137.45
SKU001,2025-11-23,130,139.42
SKU001,2025-11-30,138,141.48
SKU001,2025-12-07,156,137.08
SKU001,2025-12-14,147,136.66
SKU001,2025-12-21,206,147.03
SKU001,2025-12-28,102,147.13
SKU001,2026-01-04,44,141.33
SKU002,2025-10-19,97,138.97
SKU002,2025-10-26,97,127.52
SKU002,2025-11-02,143,150.43
SKU002,2025-11-09,153,145.15
SKU002,2025-11-16,129,144.33
SKU002,2025-11-23,192,137.87
SKU002,2025-11-30,148,139.36
SKU002,2025-12-07,113,146.29
SKU002,2025-12-14,137,135.77
SKU002,2025-12-21,140,150.5
SKU002,2025-12-28,156,127.89
SKU002,2026-01-04,91,141.4
SKU003,2025-10-19,80,116.1
SKU003,2025-10-26,113,146.04
SKU003,2025-11-02,138,132.88
SKU003,2025-11-09,149,134.79
SKU003,2025-11-16,142,130.76
SKU003,2025-11-23,149,157.58
SKU003,2025-11-30,115,148.31
SKU003,2025-12-07,142,137.85
SKU003,2025-12-14,117,134.26
SKU003,2025-12-21,147,126.65
SKU003,2025-12-28,142,147.22
SKU003,2026-01-04,57,136.61
SKU004,2025-10-19,169,130.66
SKU004,2025-10-26,175,134.89
SKU004,2025-11-02,124,137.83
SKU004,2025-11-09,181,145.92
SKU004,2025-11-16,173,136.6
SKU004,2025-11-23,141,144.41
SKU004,2025-11-30,105,144.8
SKU004,2025-12-07,169,137.65
SKU004,2025-12-14,125,142.92
SKU004,2025-12-21,182,144.26
SKU004,2025-12-28,139,148.37
SKU004,2026-01-04,74,135.77
SKU005,2025-10-19,139,135.62
SKU005,2025-10-26,104,129.32
SKU005,2025-11-02,154,140.46
SKU005,2025-11-09,165,136.75261904761908
SKU005,2025-11-16,107,136.12
SKU005,2025-11-23,178,145.03
SKU005,2025-11-30,165,135.23
SKU005,2025-12-07,136,138.64
SKU005,2025-12-14,146,138.52
SKU005,2025-12-21,110,143.85
SKU005,2025-12-28,110,145.25
SKU005,2026-01-04,48,123.834
SKU006,2025-10-19,146,145.89
SKU006,2025-10-26,126,144.99
SKU006,2025-11-02,147,141.61
SKU006,2025-11-09,86,138.96
SKU006,2025-11-16,174,142.51
SKU006,2025-11-23,118,143.7
SKU006,2025-11-30,140,135.08
SKU006,2025-12-07,126,136.46
SKU006,2025-12-14,142,140.57
SKU006,2025-12-21,127,136.47
SKU006,2025-12-28,121,142.49
SKU006,2026-01-04,57,143.89
SKU007,2025-10-19,100,149.93
SKU007,2025-10-26,97,135.72
SKU007,2025-11-02,137,147.32
SKU007,2025-11-09,144,144.05
SKU007,2025-11-16,163,137.27
SKU007,2025-11-23,175,130.57
SKU007,2025-11-30,153,141.69
SKU007,2025-12-07,120,139.2
SKU007,2025-12-14,161,136.3
SKU007,2025-12-21,134,140.53
SKU007,2025-12-28,162,148.04
SKU007,2026-01-04,54,134.4
SKU008,2025-10-19,161,138.4
SKU008,2025-10-26,153,128.34
SKU008,2025-11-02,146,137.35
SKU008,2025-11-09,120,147.19
SKU008,2025-11-16,176,134.61
SKU008,2025-11-23,190,136.4
SKU008,2025-11-30,159,138.83
SKU008,2025-12-07,137,143.11
SKU008,2025-12-14,129,141.89
SKU008,2025-12-21,172,148.87
SKU008,2025-12-28,169,141.77
SKU008,2026-01-04,55,135.72
SKU009,2025-10-19,141,135.39
SKU009,2025-10-26,140,147.68
SKU009,2025-11-02,137,132.47
SKU009,2025-11-09,126,136.26
SKU009,2025-11-16,179,144.09
SKU009,2025-11-23,127,136.09
SKU009,2025-11-30,175,146.81
SKU009,2025-12-07,130,145.51
SKU009,2025-12-14,105,141.24
SKU009,2025-12-21,127,135.26
SKU009,2025-12-28,146,138.46
SKU009,2026-01-04,76,128.52
SKU010,2025-10-19,117,141.65
SKU010,2025-10-26,157,137.48
SKU010,2025-11-02,158,146.37
SKU010,2025-11-09,125,139.08
SKU010,2025-11-16,84,134.94
SKU010,2025-11-23,188,148.63
SKU010,2025-11-30,158,133.77
SKU010,2025-12-07,127,145.55
SKU010,2025-12-14,125,150.29
SKU010,2025-12-21,103,132.78
SKU010,2025-12-28,141,144.91
SKU010,2026-01-04,55,137.54
SKU011,2025-10-19,149,142.99
SKU011,2025-10-26,167,154.0
SKU011,2025-11-02,124,147.57
SKU011,2025-11-09,137,137.43
SKU011,2025-11-16,120,128.63
SKU011,2025-11-23,183,141.5
SKU011,2025-11-30,122,134.47
SKU011,2025-12-07,153,140.5
SKU011,2025-12-14,160,129.97
SKU011,2025-12-21,138,145.61
SKU011,2025-12-28,111,142.15
SKU011,2026-01-04,52,134.15
SKU012,2025-10-19,145,134.83
SKU012,2025-10-26,152,131.24
SKU012,2025-11-02,128,142.67
SKU012,2025-11-09,138,133.07
SKU012,2025-11-16,125,136.33
SKU012,2025-11-23,150,155.44
SKU012,2025-11-30,153,140.47
SKU012,2025-12-07,111,142.07
SKU012,2025-12-14,165,127.8
SKU012,2025-12-21,141,134.69
SKU012,2025-12-28,155,147.09
SKU012,2026-01-04,48,138.13
SKU013,2025-10-19,134,142.75
SKU013,2025-10-26,145,129.49
SKU013,2025-11-02,148,147.31
SKU013,2025-11-09,131,122.25
SKU013,2025-11-16,98,140.48
SKU013,2025-11-23,155,139.67
SKU013,2025-11-30,115,145.14
SKU013,2025-12-07,94,130.38
SKU013,2025-12-14,119,142.09
SKU013,2025-12-21,167,138.76
SKU013,2025-12-28,146,147.14
SKU013,2026-01-04,48,134.09
SKU014,2025-10-19,169,141.27
SKU014,2025-10-26,147,137.97
SKU014,2025-11-02,122,136.31
SKU014,2025-11-09,141,150.78
SKU014,2025-11-16,118,137.18
SKU014,2025-11-23,146,139.47
SKU014,2025-11-30,142,135.96
SKU014,2025-12-07,115,138.39
SKU014,2025-12-14,112,135.77
SKU014,2025-12-21,191,137.97
SKU014,2025-12-28,150,135.48
SKU014,2026-01-04,63,141.46
SKU015,2025-10-19,151,152.46
SKU015,2025-10-26,165,139.54
SKU015,2025-11-02,143,137.24
SKU015,2025-11-09,108,136.88
SKU015,2025-11-16,135,133.46
SKU015,2025-11-23,99,143.25
SKU015,2025-11-30,116,122.27
SKU015,2025-12-07,170,149.42
SKU015,2025-12-14,198,144.61
SKU015,2025-12-21,144,145.72
SKU015,2025-12-28,85,133.18
SKU015,2026-01-04,66,140.06
SKU016,2025-10-19,136,138.73
SKU016,2025-10-26,129,138.71
SKU016,2025-11-02,124,144.22
SKU016,2025-11-09,127,135.48
SKU016,2025-11-16,171,151.92
SKU016,2025-11-23,152,148.73
SKU016,2025-11-30,90,141.04
SKU016,2025-12-07,149,132.72
SKU016,2025-12-14,139,150.73
SKU016,2025-12-21,137,151.33
SKU016,2025-12-28,172,146.49
SKU016,2026-01-04,74,138.4
SKU017,2025-10-19,138,143.79
SKU017,2025-10-26,133,142.36
SKU017,2025-11-02,127,125.28
SKU017,2025-11-09,131,135.79
SKU017,2025-11-16,150,140.19
SKU017,2025-11-23,193,140.09
SKU017,2025-11-30,135,137.59
SKU017,2025-12-07,162,136.63
SKU017,2025-12-14,157,130.91
SKU017,2025-12-21,153,134.97
SKU017,2025-12-28,167,148.34
SKU017,2026-01-04,71,130.82
SKU018,2025-10-19,143,146.33
SKU018,2025-10-26,142,135.71
SKU018,2025-11-02,110,134.01
SKU018,2025-11-09,130,140.29
SKU018,2025-11-16,144,132.21
SKU018,2025-11-23,171,136.23
SKU018,2025-11-30,142,138.3
SKU018,2025-12-07,128,127.33
SKU018,2025-12-14,147,142.79
SKU018,2025-12-21,174,135.69
SKU018,2025-12-28,138,144.63
SKU018,2026-01-04,28,134.85
SKU019,2025-10-19,131,148.61
SKU019,2025-10-26,124,133.8
SKU019,2025-11-02,120,143.55
SKU019,2025-11-09,152,142.71
SKU019,2025-11-16,151,141.47
SKU019,2025-11-23,121,143.86
SKU019,2025-11-30,149,152.69
SKU019,2025-12-07,177,131.95
SKU019,2025-12-14,159,139.36
SKU019,2025-12-21,113,148.78
SKU019,2025-12-28,142,136.25
SKU019,2026-01-04,61,133.36
SKU020,2025-10-19,156,138.69
SKU020,2025-10-26,145,128.93
SKU020,2025-11-02,133,134.01
SKU020,2025-11-09,93,133.99
SKU020,2025-11-16,154,133.0
SKU020,2025-11-23,160,134.21
SKU020,2025-11-30,150,144.91
SKU020,2025-12-07,144,136.64
SKU020,2025-12-14,152,143.29
SKU020,2025-12-21,161,140.7
SKU020,2025-12-28,186,142.37
SKU020,2026-01-04,44,136.13
SKU021,2025-10-19,184,139.65
SKU021,2025-10-26,135,134.51
SKU021,2025-11-02,185,143.77
SKU021,2025-11-09,137,129.54
SKU021,2025-11-16,136,146.39
SKU021,2025-11-23,138,142.1
SKU021,2025-11-30,170,135.62
SKU021,2025-12-07,114,152.22
SKU021,2025-12-14,149,143.81
SKU021,2025-12-21,165,138.76
SKU021,2025-12-28,155,121.62
SKU021,2026-01-04,56,139.28
SKU022,2025-10-19,100,148.19
SKU022,2025-10-26,131,135.48
SKU022,2025-11-02,130,141.54
SKU022,2025-11-09,133,131.07
SKU022,2025-11-16,178,127.27
SKU022,2025-11-23,124,140.0
SKU022,2025-11-30,140,124.52
SKU022,2025-12-07,145,135.58
SKU022,2025-12-14,143,148.12
SKU022,2025-12-21,149,135.67
SKU022,2025-12-28,111,148.4
SKU022,2026-01-04,52,144.91
SKU023,2025-10-19,150,137.25
SKU023,2025-10-26,170,141.63
SKU023,2025-11-02,171,156.71
SKU023,2025-11-09,184,143.73
SKU023,2025-11-16,167,138.37
SKU023,2025-11-23,142,154.97
SKU023,2025-11-30,166,144.59
SKU023,2025-12-07,160,137.03
SKU023,2025-12-14,124,136.9
SKU023,2025-12-21,98,140.76
SKU023,2025-12-28,148,130.09
SKU023,2026-01-04,64,140.48
SKU024,2025-10-19,111,140.06
SKU024,2025-10-26,116,125.03
SKU024,2025-11-02,139,143.2
SKU024,2025-11-09,156,138.66
SKU024,2025-11-16,159,145.47
SKU024,2025-11-23,155,135.7
SKU024,2025-11-30,154,149.29
SKU024,2025-12-07,176,169.24
SKU024,2025-12-14,159,122.06
SKU024,2025-12-21,139,137.74
SKU024,2025-12-28,150,126.46
SKU024,2026-01-04,71,131.92
SKU025,2025-10-19,165,143.73
SKU025,2025-10-26,176,143.26
SKU025,2025-11-02,160,136.36
SKU025,2025-11-09,124,140.98
SKU025,2025-11-16,144,139.15
SKU025,2025-11-23,197,147.13
SKU025,2025-11-30,116,128.41
SKU025,2025-12-07,163,138.97
SKU025,2025-12-14,117,134.42
SKU025,2025-12-21,155,142.36
SKU025,2025-12-28,103,140.71
SKU025,2026-01-04,53,136.88
SKU026,2025-10-19,108,136.95
SKU026,2025-10-26,134,135.64
SKU026,2025-11-02,147,139.14
SKU026,2025-11-09,122,137.51
SKU026,2025-11-16,142,133.88
SKU026,2025-11-23,175,140.01
SKU026,2025-11-30,130,130.88
SKU026,2025-12-07,165,147.65
SKU026,2025-12-14,160,143.32
SKU026,2025-12-21,144,138.6
SKU026,2025-12-28,155,150.55
SKU026,2026-01-04,79,138.6
SKU027,2025-10-19,138,146.55
SKU027,2025-10-26,156,136.1
SKU027,2025-11-02,120,138.31
SKU027,2025-11-09,108,136.55
SKU027,2025-11-16,162,138.53
SKU027,2025-11-23,135,143.4
SKU027,2025-11-30,148,141.2
SKU027,2025-12-07,134,132.57
SKU027,2025-12-14,161,144.77
SKU027,2025-12-21,147,139.57
SKU027,2025-12-28,153,143.45
SKU027,2026-01-04,49,144.01
SKU028,2025-10-19,117,123.78
SKU028,2025-10-26,149,140.91
SKU028,2025-11-02,123,144.1
SKU028,2025-11-09,135,148.8
SKU028,2025-11-16,145,143.82
SKU028,2025-11-23,115,143.61
SKU028,2025-11-30,148,154.23
SKU028,2025-12-07,181,141.01
SKU028,2025-12-14,142,113.76
SKU028,2025-12-21,172,132.8957142857143
SKU028,2025-12-28,171,136.24
SKU028,2026-01-04,60,142.42
SKU029,2025-10-19,111,131.85
SKU029,2025-10-26,127,147.24
SKU029,2025-11-02,186,131.68
SKU029,2025-11-09,126,140.5
SKU029,2025-11-16,163,154.45
SKU029,2025-11-23,128,130.68
SKU029,2025-11-30,127,131.36
SKU029,2025-12-07,132,138.01
SKU029,2025-12-14,135,150.95
SKU029,2025-12-21,159,142.72
SKU029,2025-12-28,146,145.97
SKU029,2026-01-04,29,133.13
SKU030,2025-10-19,112,138.92
SKU030,2025-10-26,149,138.88
SKU030,2025-11-02,192,138.08
SKU030,2025-11-09,195,134.27
SKU030,2025-11-16,117,132.02
SKU030,2025-11-23,137,138.69
SKU030,2025-11-30,124,144.94
SKU030,2025-12-07,127,137.49
SKU030,2025-12-14,149,137.44
SKU030,2025-12-21,168,143.04
SKU030,2025-12-28,162,137.13
SKU030,2026-01-04,53,136.57
SKU031,2025-10-19,149,133.35
SKU031,2025-10-26,140,153.99
SKU031,2025-11-02,117,137.54
SKU031,2025-11-09,128,140.32
SKU031,2025-11-16,168,129.69
SKU031,2025-11-23,116,144.49
SKU031,2025-11-30,147,136.22
SKU031,2025-12-07,96,141.29
SKU031,2025-12-14,137,139.75
SKU031,2025-12-21,148,149.64
SKU031,2025-12-28,162,122.28
SKU031,2026-01-04,38,120.08
SKU032,2025-10-19,110,145.74
SKU032,2025-10-26,159,130.58
SKU032,2025-11-02,130,146.16
SKU032,2025-11-09,143,137.77666666666667
SKU032,2025-11-16,129,142.85
SKU032,2025-11-23,156,137.17
SKU032,2025-11-30,119,135.04
SKU032,2025-12-07,127,147.94
SKU032,2025-12-14,151,142.74
SKU032,2025-12-21,138,158.42
SKU032,2025-12-28,134,148.24
SKU032,2026-01-04,47,128.07
SKU033,2025-10-19,154,141.65
SKU033,2025-10-26,108,138.75
SKU033,2025-11-02,134,141.25
SKU033,2025-11-09,142,151.4
SKU033,2025-11-16,167,133.69
SKU033,2025-11-23,141,135.26
SKU033,2025-11-30,137,142.44
SKU033,2025-12-07,121,133.04
SKU033,2025-12-14,149,138.49
SKU033,2025-12-21,141,159.68
SKU033,2025-12-28,146,139.48
SKU033,2026-01-04,42,140.57
SKU034,2025-10-19,120,130.72
SKU034,2025-10-26,125,136.2
SKU034,2025-11-02,128,143.98
SKU034,2025-11-09,157,151.79
SKU034,2025-11-16,132,138.38
SKU034,2025-11-23,134,140.44
SKU034,2025-11-30,168,142.64
SKU034,2025-12-07,126,126.81
SKU034,2025-12-14,157,139.82
SKU034,2025-12-21,155,134.08
SKU034,2025-12-28,156,132.57
SKU034,2026-01-04,57,161.36
SKU035,2025-10-19,181,134.51
SKU035,2025-10-26,175,144.05
SKU035,2025-11-02,150,141.91
SKU035,2025-11-09,144,150.7
SKU035,2025-11-16,142,140.91
SKU035,2025-11-23,140,148.69
SKU035,2025-11-30,142,143.03
SKU035,2025-12-07,130,126.99
SKU035,2025-12-14,87,126.02
SKU035,2025-12-21,83,146.64
SKU035,2025-12-28,134,133.36
SKU035,2026-01-04,92,136.16
SKU036,2025-10-19,161,137.4
SKU036,2025-10-26,166,142.83
SKU036,2025-11-02,182,135.49
SKU036,2025-11-09,129,127.24
SKU036,2025-11-16,138,140.51
SKU036,2025-11-23,114,140.26
SKU036,2025-11-30,160,151.76
SKU036,2025-12-07,150,150.27766666666668
SKU036,2025-12-14,148,138.52
SKU036,2025-12-21,134,143.12
SKU036,2025-12-28,130,140.02
SKU036,2026-01-04,78,137.69
SKU037,2025-10-19,141,135.91
SKU037,2025-10-26,170,125.08
SKU037,2025-11-02,125,136.14
SKU037,2025-11-09,169,134.18
SKU037,2025-11-16,132,123.15
SKU037,2025-11-23,125,135.66
SKU037,2025-11-30,128,148.43
SKU037,2025-12-07,166,124.06
SKU037,2025-12-14,103,153.83
SKU037,2025-12-21,106,144.87
SKU037,2025-12-28,152,134.95
SKU037,2026-01-04,68,139.25
SKU038,2025-10-19,166,138.5
SKU038,2025-10-26,164,139.04
SKU038,2025-11-02,104,132.65
SKU038,2025-11-09,155,140.55
SKU038,2025-11-16,164,142.78
SKU038,2025-11-23,96,138.6
SKU038,2025-11-30,111,143.97
SKU038,2025-12-07,130,141.21
SKU038,2025-12-14,164,135.92
SKU038,2025-12-21,124,135.82
SKU038,2025-12-28,114,131.42
SKU038,2026-01-04,81,149.79
SKU039,2025-10-19,150,145.67
SKU039,2025-10-26,147,141.97
SKU039,2025-11-02,129,142.88
SKU039,2025-11-09,163,132.08
SKU039,2025-11-16,140,143.78
SKU039,2025-11-23,86,145.95
SKU039,2025-11-30,165,136.42
SKU039,2025-12-07,171,138.57
SKU039,2025-12-14,124,133.18
SKU039,2025-12-21,112,155.34
SKU039,2025-12-28,184,142.55
SKU039,2026-01-04,58,134.51
SKU040,2025-10-19,129,138.99
SKU040,2025-10-26,158,151.79
SKU040,2025-11-02,130,141.62
SKU040,2025-11-09,144,141.46166666666667
SKU040,2025-11-16,132,134.3
SKU040,2025-11-23,151,138.68
SKU040,2025-11-30,140,137.65
SKU040,2025-12-07,136,125.3
SKU040,2025-12-14,157,141.68
SKU040,2025-12-21,140,147.62
SKU040,2025-12-28,155,138.64
SKU040,2026-01-04,27,144.55
SKU041,2025-10-19,158,131.41
SKU041,2025-10-26,152,137.45
SKU041,2025-11-02,94,141.63
SKU041,2025-11-09,128,148.71
SKU041,2025-11-16,125,134.46
SKU041,2025-11-23,149,138.13
SKU041,2025-11-30,89,137.4
SKU041,2025-12-07,144,146.3
SKU041,2025-12-14,143,137.9
SKU041,2025-12-21,138,128.91
SKU041,2025-12-28,136,132.97
SKU041,2026-01-04,48,136.16
SKU042,2025-10-19,109,130.49
SKU042,2025-10-26,117,138.61
SKU042,2025-11-02,157,148.5
SKU042,2025-11-09,99,134.52
SKU042,2025-11-16,166,134.78
SKU042,2025-11-23,158,145.32
SKU042,2025-11-30,125,140.48
SKU042,2025-12-07,135,137.73
SKU042,2025-12-14,150,131.91
SKU042,2025-12-21,156,136.03
SKU042,2025-12-28,132,144.935
SKU042,2026-01-04,52,133.32
SKU043,2025-10-19,103,135.57
SKU043,2025-10-26,122,131.28
SKU043,2025-11-02,151,137.54
SKU043,2025-11-09,127,140.01
SKU043,2025-11-16,94,139.53
SKU043,2025-11-23,142,139.3
SKU043,2025-11-30,109,139.39
SKU043,2025-12-07,173,135.03
SKU043,2025-12-14,125,140.18
SKU043,2025-12-21,127,144.75
SKU043,2025-12-28,178,134.82
SKU043,2026-01-04,53,137.72
SKU044,2025-10-19,165,144.27
SKU044,2025-10-26,104,141.34
SKU044,2025-11-02,145,144.33
SKU044,2025-11-09,167,143.34
SKU044,2025-11-16,141,131.77
SKU044,2025-11-23,158,135.01
SKU044,2025-11-30,156,150.41
SKU044,2025-12-07,115,146.88
SKU044,2025-12-14,188,143.21
SKU044,2025-12-21,120,134.81
SKU044,2025-12-28,126,141.93
SKU044,2026-01-04,59,145.11
SKU045,2025-10-19,118,144.79
SKU045,2025-10-26,180,136.06
SKU045,2025-11-02,158,124.48
SKU045,2025-11-09,157,146.85
SKU045,2025-11-16,169,141.09
SKU045,2025-11-23,165,147.83
SKU045,2025-11-30,90,135.03
SKU045,2025-12-07,191,147.09
SKU045,2025-12-14,158,138.72
SKU045,2025-12-21,190,145.41
SKU045,2025-12-28,135,147.86
SKU045,2026-01-04,41,133.41
SKU046,2025-10-19,165,133.98
SKU046,2025-10-26,134,146.83
SKU046,2025-11-02,142,143.75
SKU046,2025-11-09,144,149.33
SKU046,2025-11-16,158,138.55
SKU046,2025-11-23,118,143.41
SKU046,2025-11-30,143,151.15
SKU046,2025-12-07,116,146.93
SKU046,2025-12-14,159,136.98
SKU046,2025-12-21,129,135.65
SKU046,2025-12-28,173,146.92
SKU046,2026-01-04,49,139.58
SKU047,2025-10-19,151,140.46
SKU047,2025-10-26,89,135.29
SKU047,2025-11-02,137,144.95
SKU047,2025-11-09,166,123.56
SKU047,2025-11-16,132,137.14
SKU047,2025-11-23,130,141.34
SKU047,2025-11-30,146,138.54
SKU047,2025-12-07,125,134.02
SKU047,2025-12-14,152,142.48
SKU047,2025-12-21,165,142.72
SKU047,2025-12-28,134,136.39
SKU047,2026-01-04,99,160.13
SKU048,2025-10-19,138,137.88
SKU048,2025-10-26,149,140.26
SKU048,2025-11-02,181,135.69
SKU048,2025-11-09,129,143.54
SKU048,2025-11-16,146,136.98
SKU048,2025-11-23,139,134.54
SKU048,2025-11-30,149,133.98
SKU048,2025-12-07,154,135.26
SKU048,2025-12-14,147,137.97
SKU048,2025-12-21,165,139.21
SKU048,2025-12-28,133,132.54
SKU048,2026-01-04,34,139.18
SKU049,2025-10-19,181,143.69
SKU049,2025-10-26,116,141.95
SKU049,2025-11-02,144,136.42
SKU049,2025-11-09,170,135.75
SKU049,2025-11-16,120,141.6
SKU049,2025-11-23,157,129.27
SKU049,2025-11-30,142,139.4
SKU049,2025-12-07,187,139.27
SKU049,2025-12-14,151,144.03
SKU049,2025-12-21,138,146.2
SKU049,2025-12-28,177,144.53
SKU049,2026-01-04,54,143.34
SKU050,2025-10-19,152,146.49
SKU050,2025-10-26,110,142.89
SKU050,2025-11-02,139,141.19
SKU050,2025-11-09,118,132.56
SKU050,2025-11-16,127,138.21
SKU050,2025-11-23,117,133.14
SKU050,2025-11-30,106,134.38
SKU050,2025-12-07,171,139.53
SKU050,2025-12-14,182,136.06
SKU050,2025-12-21,183,134.73
SKU050,2025-12-28,154,127.32
SKU050,2026-01-04,77,151.73
SKU051,2025-10-19,162,135.97
SKU051,2025-10-26,121,150.19
SKU051,2025-11-02,158,133.17
SKU051,2025-11-09,126,127.66
SKU051,2025-11-16,156,146.03
SKU051,2025-11-23,120,129.53
SKU051,2025-11-30,136,144.9
SKU051,2025-12-07,124,132.29
SKU051,2025-12-14,117,149.7
SKU051,2025-12-21,105,129.24
SKU051,2025-12-28,103,124.71
SKU051,2026-01-04,73,129.95
SKU052,2025-10-19,171,146.34
SKU052,2025-10-26,148,132.6
SKU052,2025-11-02,109,135.77
SKU052,2025-11-09,119,143.57
SKU052,2025-11-16,133,157.29
SKU052,2025-11-23,131,140.57
SKU052,2025-11-30,135,144.1
SKU052,2025-12-07,152,138.94
SKU052,2025-12-14,96,138.62
SKU052,2025-12-21,141,141.96
SKU052,2025-12-28,183,129.69
SKU052,2026-01-04,66,149.53
SKU053,2025-10-19,120,146.36
SKU053,2025-10-26,155,143.7
SKU053,2025-11-02,151,148.28
SKU053,2025-11-09,150,143.6
SKU053,2025-11-16,165,139.47
SKU053,2025-11-23,202,134.95
SKU053,2025-11-30,169,137.0
SKU053,2025-12-07,164,154.13
SKU053,2025-12-14,105,141.53
SKU053,2025-12-21,138,141.01
SKU053,2025-12-28,152,146.8
SKU053,2026-01-04,68,134.89
SKU054,2025-10-19,103,143.15
SKU054,2025-10-26,130,145.87
SKU054,2025-11-02,135,130.88
SKU054,2025-11-09,128,135.19
SKU054,2025-11-16,173,138.29
SKU054,2025-11-23,162,139.13
SKU054,2025-11-30,137,158.84
SKU054,2025-12-07,118,139.46
SKU054,2025-12-14,107,157.385
SKU054,2025-12-21,155,137.6
SKU054,2025-12-28,134,128.11
SKU054,2026-01-04,76,136.65
SKU055,2025-10-19,142,145.68
SKU055,2025-10-26,133,142.28
SKU055,2025-11-02,140,135.32
SKU055,2025-11-09,161,142.98
SKU055,2025-11-16,161,141.8
SKU055,2025-11-23,147,139.26
SKU055,2025-11-30,155,149.39
SKU055,2025-12-07,139,145.04
SKU055,2025-12-14,98,150.1
SKU055,2025-12-21,130,144.84
SKU055,2025-12-28,149,146.55
SKU055,2026-01-04,71,134.71
SKU056,2025-10-19,142,140.47
SKU056,2025-10-26,144,136.42
SKU056,2025-11-02,167,141.32
SKU056,2025-11-09,134,135.95
SKU056,2025-11-16,123,144.56
SKU056,2025-11-23,167,134.4
SKU056,2025-11-30,117,140.28
SKU056,2025-12-07,162,134.8
SKU056,2025-12-14,145,142.13
SKU056,2025-12-21,100,135.19
SKU056,2025-12-28,112,134.69
SKU056,2026-01-04,63,141.04
SKU057,2025-10-19,143,134.35
SKU057,2025-10-26,183,142.23
SKU057,2025-11-02,138,139.49
SKU057,2025-11-09,181,133.33
SKU057,2025-11-16,153,139.16
SKU057,2025-11-23,138,147.34
SKU057,2025-11-30,175,129.5
SKU057,2025-12-07,106,129.5
SKU057,2025-12-14,152,130.79
SKU057,2025-12-21,180,145.74
SKU057,2025-12-28,96,139.06
SKU057,2026-01-04,78,135.65
SKU058,2025-10-19,133,131.37
SKU058,2025-10-26,139,137.82
SKU058,2025-11-02,186,143.21
SKU058,2025-11-09,164,147.45
SKU058,2025-11-16,139,146.1
SKU058,2025-11-23,111,129.32
SKU058,2025-11-30,151,143.25
SKU058,2025-12-07,107,145.28
SKU058,2025-12-14,152,135.78
SKU058,2025-12-21,159,144.61
SKU058,2025-12-28,112,139.94
SKU058,2026-01-04,57,148.79
SKU059,2025-10-19,168,142.83
SKU059,2025-10-26,179,138.01
SKU059,2025-11-02,160,142.0
SKU059,2025-11-09,165,142.0
SKU059,2025-11-16,126,132.91
SKU059,2025-11-23,135,140.53
SKU059,2025-11-30,163,137.44
SKU059,2025-12-07,136,141.89
SKU059,2025-12-14,160,141.98
SKU059,2025-12-21,126,132.82
SKU059,2025-12-28,128,143.43
SKU059,2026-01-04,67,143.7
SKU060,2025-10-19,129,137.35
SKU060,2025-10-26,150,130.48
SKU060,2025-11-02,143,132.12
SKU060,2025-11-09,128,141.17
SKU060,2025-11-16,147,142.11
SKU060,2025-11-23,128,143.2
SKU060,2025-11-30,70,130.08
SKU060,2025-12-07,120,145.57
SKU060,2025-12-14,172,134.61
SKU060,2025-12-21,180,131.81
SKU060,2025-12-28,130,138.53
SKU060,2026-01-04,87,147.04
SKU061,2025-10-19,148,142.53
SKU061,2025-10-26,146,140.39
SKU061,2025-11-02,102,135.88
SKU061,2025-11-09,140,147.37
SKU061,2025-11-16,148,136.01
SKU061,2025-11-23,148,135.93
SKU061,2025-11-30,122,146.13
SKU061,2025-12-07,122,112.38
SKU061,2025-12-14,127,155.6
SKU061,2025-12-21,161,137.7
SKU061,2025-12-28,133,134.7
SKU061,2026-01-04,66,143.12
SKU062,2025-10-19,116,145.16
SKU062,2025-10-26,150,134.13
SKU062,2025-11-02,138,136.6
SKU062,2025-11-09,115,141.94
SKU062,2025-11-16,124,144.24
SKU062,2025-11-23,170,138.94
SKU062,2025-11-30,127,149.39
SKU062,2025-12-07,140,136.26
SKU062,2025-12-14,171,144.61
SKU062,2025-12-21,125,146.08
SKU062,2025-12-28,110,137.8
SKU062,2026-01-04,92,140.99
SKU063,2025-10-19,114,133.4
SKU063,2025-10-26,93,141.19
SKU063,2025-11-02,135,143.16
SKU063,2025-11-09,162,138.61
SKU063,2025-11-16,142,140.15
SKU063,2025-11-23,142,141.36
SKU063,2025-11-30,148,154.67
SKU063,2025-12-07,153,145.11
SKU063,2025-12-14,101,140.9
SKU063,2025-12-21,108,146.07
SKU063,2025-12-28,145,130.64
SKU063,2026-01-04,87,142.14
SKU064,2025-10-19,162,149.78
SKU064,2025-10-26,72,143.64
SKU064,2025-11-02,113,145.36
SKU064,2025-11-09,154,139.15
SKU064,2025-11-16,178,147.44
SKU064,2025-11-23,127,127.08
SKU064,2025-11-30,151,126.18
SKU064,2025-12-07,160,147.82
SKU064,2025-12-14,128,150.93
SKU064,2025-12-21,160,131.33
SKU064,2025-12-28,123,143.39
SKU064,2026-01-04,31,138.19
SKU065,2025-10-19,129,125.5
SKU065,2025-10-26,147,155.88
SKU065,2025-11-02,149,135.08
SKU065,2025-11-09,98,139.6
SKU065,2025-11-16,134,143.28
SKU065,2025-11-23,135,153.38
SKU065,2025-11-30,172,139.36
SKU065,2025-12-07,155,150.87
SKU065,2025-12-14,106,137.96
SKU065,2025-12-21,173,155.26
SKU065,2025-12-28,141,140.76
SKU065,2026-01-04,50,143.5
SKU066,2025-10-19,84,143.41
SKU066,2025-10-26,108,142.13
SKU066,2025-11-02,162,117.39
SKU066,2025-11-09,103,140.58
SKU066,2025-11-16,138,141.63
SKU066,2025-11-23,169,141.76
SKU066,2025-11-30,167,138.82
SKU066,2025-12-07,118,133.72
SKU066,2025-12-14,173,141.6
SKU066,2025-12-21,129,138.02
SKU066,2025-12-28,120,142.34
SKU066,2026-01-04,84,133.83
SKU067,2025-10-19,117,139.57
SKU067,2025-10-26,109,139.64
SKU067,2025-11-02,184,147.62
SKU067,2025-11-09,99,134.76
SKU067,2025-11-16,112,144.09
SKU067,2025-11-23,98,141.34
SKU067,2025-11-30,134,117.2
SKU067,2025-12-07,119,147.88
SKU067,2025-12-14,140,135.05
SKU067,2025-12-21,117,139.08
SKU067,2025-12-28,128,138.12
SKU067,2026-01-04,53,142.94
SKU068,2025-10-19,84,135.43
SKU068,2025-10-26,149,125.4
SKU068,2025-11-02,146,146.0
SKU068,2025-11-09,134,126.59
SKU068,2025-11-16,159,145.84
SKU068,2025-11-23,184,140.98666666666665
SKU068,2025-11-30,107,146.09
SKU068,2025-12-07,115,153.42
SKU068,2025-12-14,121,128.15
SKU068,2025-12-21,95,146.35
SKU068,2025-12-28,133,143.81
SKU068,2026-01-04,55,134.18
SKU069,2025-10-19,177,143.46
SKU069,2025-10-26,162,140.36
SKU069,2025-11-02,166,145.62
SKU069,2025-11-09,84,141.68
SKU069,2025-11-16,116,144.54
SKU069,2025-11-23,143,135.94
SKU069,2025-11-30,125,134.06
SKU069,2025-12-07,128,148.76
SKU069,2025-12-14,95,147.61
SKU069,2025-12-21,128,143.85
SKU069,2025-12-28,129,136.09
SKU069,2026-01-04,80,145.3
SKU070,2025-10-19,119,138.63
SKU070,2025-10-26,144,144.36
SKU070,2025-11-02,152,147.4
SKU070,2025-11-09,138,140.97
SKU070,2025-11-16,123,138.84
SKU070,2025-11-23,135,143.06
SKU070,2025-11-30,142,148.11
SKU070,2025-12-07,178,140.22
SKU070,2025-12-14,162,127.71
SKU070,2025-12-21,183,154.43
SKU070,2025-12-28,119,135.4
SKU070,2026-01-04,58,138.76
SKU071,2025-10-19,169,150.9
SKU071,2025-10-26,114,148.72
SKU071,2025-11-02,144,130.6
SKU071,2025-11-09,175,151.28
SKU071,2025-11-16,117,142.6
SKU071,2025-11-23,124,138.64
SKU071,2025-11-30,160,141.4
SKU071,2025-12-07,165,144.32
SKU071,2025-12-14,138,141.08
SKU071,2025-12-21,124,131.61
SKU071,2025-12-28,142,140.01
SKU071,2026-01-04,80,145.23
SKU072,2025-10-19,121,129.23
SKU072,2025-10-26,100,140.74
SKU072,2025-11-02,151,155.27
SKU072,2025-11-09,146,140.44
SKU072,2025-11-16,89,142.45
SKU072,2025-11-23,102,142.9
SKU072,2025-11-30,123,147.99
SKU072,2025-12-07,167,134.98
SKU072,2025-12-14,158,147.43
SKU072,2025-12-21,147,151.18
SKU072,2025-12-28,180,139.86
SKU072,2026-01-04,66,144.42
SKU073,2025-10-19,164,126.26
SKU073,2025-10-26,127,134.47
SKU073,2025-11-02,147,121.79
SKU073,2025-11-09,115,140.74
SKU073,2025-11-16,132,143.01
SKU073,2025-11-23,150,136.93
SKU073,2025-11-30,160,141.33
SKU073,2025-12-07,128,153.47
SKU073,2025-12-14,145,144.83
SKU073,2025-12-21,118,143.43
SKU073,2025-12-28,157,135.35
SKU073,2026-01-04,38,144.57
SKU074,2025-10-19,134,140.25
SKU074,2025-10-26,137,153.79
SKU074,2025-11-02,149,148.91
SKU074,2025-11-09,141,145.29
SKU074,2025-11-16,137,135.42
SKU074,2025-11-23,137,143.7
SKU074,2025-11-30,155,149.82
SKU074,2025-12-07,134,134.97
SKU074,2025-12-14,129,129.62
SKU074,2025-12-21,159,143.22
SKU074,2025-12-28,121,126.27
SKU074,2026-01-04,48,131.875
SKU075,2025-10-19,147,137.91
SKU075,2025-10-26,171,151.43
SKU075,2025-11-02,133,133.1
SKU075,2025-11-09,177,136.24
SKU075,2025-11-16,205,140.16
SKU075,2025-11-23,142,141.06
SKU075,2025-11-30,137,132.98
SKU075,2025-12-07,133,140.67
SKU075,2025-12-14,145,133.6
SKU075,2025-12-21,141,137.84
SKU075,2025-12-28,135,137.59
SKU075,2026-01-04,52,138.79
SKU076,2025-10-19,115,140.69
SKU076,2025-10-26,133,146.47
SKU076,2025-11-02,126,145.99
SKU076,2025-11-09,98,144.01
SKU076,2025-11-16,110,141.29
SKU076,2025-11-23,137,135.28
SKU076,2025-11-30,84,143.31
SKU076,2025-12-07,152,133.03
SKU076,2025-12-14,140,146.4
SKU076,2025-12-21,115,148.32
SKU076,2025-12-28,208,152.86
SKU076,2026-01-04,78,142.32
SKU077,2025-10-19,144,139.18
SKU077,2025-10-26,115,146.23
SKU077,2025-11-02,144,143.89
SKU077,2025-11-09,151,144.79
SKU077,2025-11-16,122,141.64
SKU077,2025-11-23,120,134.19
SKU077,2025-11-30,137,144.91
SKU077,2025-12-07,138,131.07
SKU077,2025-12-14,162,135.82
SKU077,2025-12-21,136,131.77
SKU077,2025-12-28,138,142.04
SKU077,2026-01-04,76,149.15
SKU078,2025-10-19,150,140.58
SKU078,2025-10-26,192,154.3
SKU078,2025-11-02,147,141.75
SKU078,2025-11-09,158,146.11
SKU078,2025-11-16,164,134.0
SKU078,2025-11-23,135,143.23
SKU078,2025-11-30,122,144.7
SKU078,2025-12-07,126,135.42
SKU078,2025-12-14,139,144.78
SKU078,2025-12-21,126,143.19
SKU078,2025-12-28,117,136.58
SKU078,2026-01-04,87,139.97
SKU079,2025-10-19,136,131.13
SKU079,2025-10-26,134,145.66
SKU079,2025-11-02,159,140.28
SKU079,2025-11-09,174,130.12
SKU079,2025-11-16,151,136.89
SKU079,2025-11-23,166,153.69
SKU079,2025-11-30,169,141.12
SKU079,2025-12-07,135,136.24
SKU079,2025-12-14,137,139.01
SKU079,2025-12-21,110,149.43
SKU079,2025-12-28,118,138.4
SKU079,2026-01-04,56,144.08
SKU080,2025-10-19,147,139.01
SKU080,2025-10-26,81,144.2
SKU080,2025-11-02,134,132.04
SKU080,2025-11-09,122,143.62
SKU080,2025-11-16,79,145.44
SKU080,2025-11-23,153,129.26
SKU080,2025-11-30,187,148.66
SKU080,2025-12-07,139,141.66
SKU080,2025-12-14,150,143.0
SKU080,2025-12-21,188,134.22
SKU080,2025-12-28,158,138.09
SKU080,2026-01-04,59,137.89
SKU081,2025-10-19,157,136.86
SKU081,2025-10-26,153,134.87
SKU081,2025-11-02,131,134.87
SKU081,2025-11-09,156,147.54
SKU081,2025-11-16,157,133.88
SKU081,2025-11-23,170,149.28
SKU081,2025-11-30,129,131.27
SKU081,2025-12-07,120,140.03
SKU081,2025-12-14,178,140.33
SKU081,2025-12-21,119,133.08
SKU081,2025-12-28,133,142.75
SKU081,2026-01-04,51,150.31
SKU082,2025-10-19,173,137.54
SKU082,2025-10-26,163,141.88
SKU082,2025-11-02,163,151.96
SKU082,2025-11-09,151,141.19
SKU082,2025-11-16,164,133.7
SKU082,2025-11-23,152,151.23
SKU082,2025-11-30,105,136.9
SKU082,2025-12-07,98,144.37
SKU082,2025-12-14,125,136.03
SKU082,2025-12-21,152,145.35
SKU082,2025-12-28,153,142.52
SKU082,2026-01-04,67,138.07
SKU083,2025-10-19,166,139.84
SKU083,2025-10-26,142,147.69
SKU083,2025-11-02,164,134.48
SKU083,2025-11-09,153,142.0
SKU083,2025-11-16,110,139.91
SKU083,2025-11-23,135,149.07
SKU083,2025-11-30,166,143.49
SKU083,2025-12-07,110,133.69
SKU083,2025-12-14,143,136.72
SKU083,2025-12-21,130,134.85
SKU083,2025-12-28,146,138.92
SKU083,2026-01-04,54,146.9
SKU084,2025-10-19,127,139.9
SKU084,2025-10-26,157,141.48
SKU084,2025-11-02,130,139.07
SKU084,2025-11-09,106,135.17
SKU084,2025-11-16,128,134.2
SKU084,2025-11-23,141,144.65
SKU084,2025-11-30,124,130.7
SKU084,2025-12-07,90,138.76
SKU084,2025-12-14,139,142.89
SKU084,2025-12-21,127,138.31
SKU084,2025-12-28,143,136.21
SKU084,2026-01-04,74,134.46
SKU085,2025-10-19,90,145.79
SKU085,2025-10-26,139,142.56
SKU085,2025-11-02,125,144.75
SKU085,2025-11-09,139,144.66
SKU085,2025-11-16,149,139.55
SKU085,2025-11-23,105,127.13
SKU085,2025-11-30,123,147.81
SKU085,2025-12-07,144,133.21
SKU085,2025-12-14,152,140.03
SKU085,2025-12-21,175,134.14
SKU085,2025-12-28,170,135.74
SKU085,2026-01-04,53,136.61
SKU086,2025-10-19,157,144.0
SKU086,2025-10-26,92,134.02
SKU086,2025-11-02,133,140.09
SKU086,2025-11-09,120,145.8
SKU086,2025-11-16,158,141.15
SKU086,2025-11-23,157,141.8
SKU086,2025-11-30,141,143.56
SKU086,2025-12-07,155,133.35
SKU086,2025-12-14,140,144.7
SKU086,2025-12-21,144,138.13
SKU086,2025-12-28,124,150.19
SKU086,2026-01-04,45,152.65
SKU087,2025-10-19,149,130.74
SKU087,2025-10-26,166,134.27
SKU087,2025-11-02,157,141.8
SKU087,2025-11-09,149,131.02
SKU087,2025-11-16,98,150.54
SKU087,2025-11-23,128,145.21
SKU087,2025-11-30,131,139.3
SKU087,2025-12-07,158,135.09
SKU087,2025-12-14,182,131.57
SKU087,2025-12-21,142,135.48
SKU087,2025-12-28,128,134.18
SKU087,2026-01-04,87,132.67
SKU088,2025-10-19,140,133.9
SKU088,2025-10-26,138,140.6
SKU088,2025-11-02,146,138.74
SKU088,2025-11-09,136,137.14
SKU088,2025-11-16,139,150.68
SKU088,2025-11-23,142,138.75
SKU088,2025-11-30,109,137.55
SKU088,2025-12-07,165,133.4
SKU088,2025-12-14,154,139.97
SKU088,2025-12-21,165,150.7
SKU088,2025-12-28,160,144.21
SKU088,2026-01-04,82,136.59
SKU089,2025-10-19,137,136.92
SKU089,2025-10-26,189,139.13
SKU089,2025-11-02,164,133.78
SKU089,2025-11-09,122,142.88
SKU089,2025-11-16,166,134.76
SKU089,2025-11-23,141,138.49
SKU089,2025-11-30,168,148.37
SKU089,2025-12-07,135,130.39
SKU089,2025-12-14,155,140.37
SKU089,2025-12-21,130,152.64
SKU089,2025-12-28,100,134.455
SKU089,2026-01-04,65,145.72
SKU090,2025-10-19,168,137.9
SKU090,2025-10-26,158,140.4
SKU090,2025-11-02,150,154.85
SKU090,2025-11-09,174,140.27
SKU090,2025-11-16,131,130.19
SKU090,2025-11-23,80,138.65
SKU090,2025-11-30,128,147.07
SKU090,2025-12-07,152,148.45
SKU090,2025-12-14,83,153.6
SKU090,2025-12-21,155,139.33
SKU090,2025-12-28,132,142.54
SKU090,2026-01-04,57,138.39
SKU091,2025-10-19,169,134.29
SKU091,2025-10-26,128,140.72
SKU091,2025-11-02,178,142.39
SKU091,2025-11-09,111,136.67
SKU091,2025-11-16,144,137.46
SKU091,2025-11-23,130,153.41
SKU091,2025-11-30,169,137.27
SKU091,2025-12-07,120,133.42
SKU091,2025-12-14,118,146.32
SKU091,2025-12-21,147,149.83
SKU091,2025-12-28,138,151.38
SKU091,2026-01-04,56,124.28
SKU092,2025-10-19,105,152.31
SKU092,2025-10-26,143,135.56
SKU092,2025-11-02,140,138.67
SKU092,2025-11-09,126,143.95
SKU092,2025-11-16,158,132.72
SKU092,2025-11-23,157,147.2
SKU092,2025-11-30,169,136.73
SKU092,2025-12-07,140,124.87
SKU092,2025-12-14,138,141.96
SKU092,2025-12-21,113,141.91
SKU092,2025-12-28,125,141.79
SKU092,2026-01-04,79,145.66
SKU093,2025-10-19,137,149.19
SKU093,2025-10-26,158,129.17
SKU093,2025-11-02,135,147.69666666666666
SKU093,2025-11-09,172,138.03
SKU093,2025-11-16,99,140.52
SKU093,2025-11-23,157,136.92
SKU093,2025-11-30,127,137.23
SKU093,2025-12-07,160,145.08
SKU093,2025-12-14,156,138.33
SKU093,2025-12-21,135,128.68
SKU093,2025-12-28,133,140.81
SKU093,2026-01-04,28,139.09
SKU094,2025-10-19,140,134.78
SKU094,2025-10-26,146,129.07
SKU094,2025-11-02,168,142.71
SKU094,2025-11-09,122,142.04
SKU094,2025-11-16,114,140.77
SKU094,2025-11-23,159,153.82
SKU094,2025-11-30,121,132.6
SKU094,2025-12-07,151,132.94
SKU094,2025-12-14,125,141.64
SKU094,2025-12-21,137,136.55
SKU094,2025-12-28,148,142.1
SKU094,2026-01-04,64,125.24
SKU095,2025-10-19,153,153.06
SKU095,2025-10-26,149,127.38
SKU095,2025-11-02,114,138.35
SKU095,2025-11-09,130,148.02
SKU095,2025-11-16,177,143.53
SKU095,2025-11-23,159,147.53
SKU095,2025-11-30,154,145.048
SKU095,2025-12-07,151,144.12
SKU095,2025-12-14,149,144.81
SKU095,2025-12-21,146,142.19
SKU095,2025-12-28,100,138.49
SKU095,2026-01-04,85,148.17
SKU096,2025-10-19,167,142.31
SKU096,2025-10-26,133,135.05
SKU096,2025-11-02,127,143.94
SKU096,2025-11-09,148,157.87
SKU096,2025-11-16,172,137.28
SKU096,2025-11-23,127,143.69
SKU096,2025-11-30,154,140.59
SKU096,2025-12-07,127,147.06
SKU096,2025-12-14,149,134.54
SKU096,2025-12-21,140,142.86
SKU096,2025-12-28,181,135.95
SKU096,2026-01-04,47,141.58333333333334
SKU097,2025-10-19,153,135.47
SKU097,2025-10-26,162,127.44
SKU097,2025-11-02,163,142.36
SKU097,2025-11-09,137,127.96
SKU097,2025-11-16,150,146.88
SKU097,2025-11-23,145,142.42
SKU097,2025-11-30,157,139.0
SKU097,2025-12-07,114,145.08
SKU097,2025-12-14,88,145.88
SKU097,2025-12-21,191,144.84
SKU097,2025-12-28,151,132.44
SKU097,2026-01-04,67,135.93
SKU098,2025-10-19,182,141.54
SKU098,2025-10-26,138,142.84
SKU098,2025-11-02,131,138.62
SKU098,2025-11-09,140,142.13
SKU098,2025-11-16,149,135.86
SKU098,2025-11-23,119,134.54
SKU098,2025-11-30,149,138.3
SKU098,2025-12-07,133,154.44
SKU098,2025-12-14,201,159.64
SKU098,2025-12-21,80,124.06
SKU098,2025-12-28,113,133.06
SKU098,2026-01-04,35,151.65
SKU099,2025-10-19,137,135.63
SKU099,2025-10-26,162,138.36
SKU099,2025-11-02,126,135.51
SKU099,2025-11-09,102,132.55
SKU099,2025-11-16,140,148.95
SKU099,2025-11-23,151,144.77
SKU099,2025-11-30,127,137.15
SKU099,2025-12-07,162,137.2
SKU099,2025-12-14,114,137.8
SKU099,2025-12-21,136,141.89
SKU099,2025-12-28,130,136.44
SKU099,2026-01-04,48,148.02
SKU100,2025-10-19,150,140.18
SKU100,2025-10-26,152,144.53
SKU100,2025-11-02,173,137.41
SKU100,2025-11-09,166,133.85
SKU100,2025-11-16,164,137.63
SKU100,2025-11-23,172,139.37
SKU100,2025-11-30,136,121.52
SKU100,2025-12-07,135,138.02
SKU100,2025-12-14,156,152.44
SKU100,2025-12-21,144,126.94
SKU100,2025-12-28,151,142.03
SKU100,2026-01-04,48,134.64
SKU101,2025-10-19,150,143.06
SKU101,2025-10-26,171,149.86
SKU101,2025-11-02,100,140.43
SKU101,2025-11-09,129,144.83
SKU101,2025-11-16,120,147.09
SKU101,2025-11-23,131,132.13
SKU101,2025-11-30,124,136.42
SKU101,2025-12-07,125,143.23
SKU101,2025-12-14,178,126.57
SKU101,2025-12-21,124,140.18
SKU101,2025-12-28,157,136.54
SKU101,2026-01-04,58,136.25
SKU102,2025-10-19,125,138.5
SKU102,2025-10-26,129,143.71
SKU102,2025-11-02,121,133.75
SKU102,2025-11-09,130,136.6
SKU102,2025-11-16,169,142.47
SKU102,2025-11-23,153,149.11
SKU102,2025-11-30,93,146.56
SKU102,2025-12-07,180,134.44
SKU102,2025-12-14,168,137.63
SKU102,2025-12-21,130,134.58
SKU102,2025-12-28,110,137.6
SKU102,2026-01-04,74,140.48
SKU103,2025-10-19,138,142.46
SKU103,2025-10-26,137,148.49
SKU103,2025-11-02,87,141.49
SKU103,2025-11-09,176,135.22
SKU103,2025-11-16,122,151.99
SKU103,2025-11-23,133,143.43
SKU103,2025-11-30,132,144.72
SKU103,2025-12-07,105,133.5
SKU103,2025-12-14,136,147.35
SKU103,2025-12-21,172,149.05
SKU103,2025-12-28,163,134.2
SKU103,2026-01-04,60,141.67
SKU104,2025-10-19,161,148.29
SKU104,2025-10-26,115,136.21
SKU104,2025-11-02,141,130.4
SKU104,2025-11-09,122,150.47
SKU104,2025-11-16,115,133.51
SKU104,2025-11-23,128,139.87
SKU104,2025-11-30,108,146.32
SKU104,2025-12-07,136,132.74
SKU104,2025-12-14,130,147.76
SKU104,2025-12-21,179,137.16
SKU104,2025-12-28,114,126.74
SKU104,2026-01-04,42,150.48
SKU105,2025-10-19,115,140.46
SKU105,2025-10-26,192,131.39
SKU105,2025-11-02,115,143.97
SKU105,2025-11-09,161,139.09
SKU105,2025-11-16,95,146.82
SKU105,2025-11-23,119,149.51
SKU105,2025-11-30,150,141.43
SKU105,2025-12-07,141,147.23
SKU105,2025-12-14,137,142.51
SKU105,2025-12-21,160,127.95
SKU105,2025-12-28,97,141.67
SKU105,2026-01-04,46,149.02
SKU106,2025-10-19,133,133.99
SKU106,2025-10-26,151,138.37
SKU106,2025-11-02,110,151.13
SKU106,2025-11-09,115,140.52
SKU106,2025-11-16,133,147.16
SKU106,2025-11-23,131,134.66
SKU106,2025-11-30,123,162.01
SKU106,2025-12-07,136,135.73
SKU106,2025-12-14,122,151.96
SKU106,2025-12-21,145,137.25
SKU106,2025-12-28,123,134.77
SKU106,2026-01-04,86,142.65
SKU107,2025-10-19,149,147.18
SKU107,2025-10-26,143,133.83
SKU107,2025-11-02,115,145.1
SKU107,2025-11-09,128,145.47
SKU107,2025-11-16,114,131.25
SKU107,2025-11-23,169,140.71
SKU107,2025-11-30,145,137.08
SKU107,2025-12-07,153,140.83
SKU107,2025-12-14,123,143.25
SKU107,2025-12-21,149,136.27
SKU107,2025-12-28,120,135.59
SKU107,2026-01-04,51,138.21
SKU108,2025-10-19,154,148.83
SKU108,2025-10-26,120,145.1675
SKU108,2025-11-02,143,137.36
SKU108,2025-11-09,133,140.74
SKU108,2025-11-16,98,140.24
SKU108,2025-11-23,141,142.63
SKU108,2025-11-30,128,153.67
SKU108,2025-12-07,137,147.28
SKU108,2025-12-14,140,156.18
SKU108,2025-12-21,133,137.58
SKU108,2025-12-28,164,140.95
SKU108,2026-01-04,73,144.3
SKU109,2025-10-19,119,139.77
SKU109,2025-10-26,160,143.24
SKU109,2025-11-02,145,139.2
SKU109,2025-11-09,120,139.96
SKU109,2025-11-16,123,150.42
SKU109,2025-11-23,173,136.47
SKU109,2025-11-30,147,157.64
SKU109,2025-12-07,128,132.35
SKU109,2025-12-14,157,138.11
SKU109,2025-12-21,145,148.14
SKU109,2025-12-28,113,130.66
SKU109,2026-01-04,50,147.37
SKU110,2025-10-19,106,130.67
SKU110,2025-10-26,203,133.42
SKU110,2025-11-02,95,157.3
SKU110,2025-11-09,128,136.36
SKU110,2025-11-16,108,139.69
SKU110,2025-11-23,140,136.77
SKU110,2025-11-30,165,141.95
SKU110,2025-12-07,155,151.54
SKU110,2025-12-14,114,141.28
SKU110,2025-12-21,127,141.3
SKU110,2025-12-28,127,146.37
SKU110,2026-01-04,47,137.01
SKU111,2025-10-19,120,145.96
SKU111,2025-10-26,166,148.71
SKU111,2025-11-02,138,141.29
SKU111,2025-11-09,162,139.17
SKU111,2025-11-16,115,140.27
SKU111,2025-11-23,128,129.41
SKU111,2025-11-30,138,138.07
SKU111,2025-12-07,151,126.97
SKU111,2025-12-14,112,139.34
SKU111,2025-12-21,135,150.11
SKU111,2025-12-28,177,149.13
SKU111,2026-01-04,73,140.79
SKU112,2025-10-19,111,134.91
SKU112,2025-10-26,145,133.29
SKU112,2025-11-02,150,138.66
SKU112,2025-11-09,158,135.09
SKU112,2025-11-16,148,141.86
SKU112,2025-11-23,113,143.91
SKU112,2025-11-30,124,145.73
SKU112,2025-12-07,191,136.91
SKU112,2025-12-14,137,142.04
SKU112,2025-12-21,132,138.21
SKU112,2025-12-28,128,128.89
SKU112,2026-01-04,40,136.48
SKU113,2025-10-19,144,147.83
SKU113,2025-10-26,149,152.96
SKU113,2025-11-02,95,139.69
SKU113,2025-11-09,120,141.79
SKU113,2025-11-16,136,139.26
SKU113,2025-11-23,172,144.5
SKU113,2025-11-30,164,145.79
SKU113,2025-12-07,179,152.69
SKU113,2025-12-14,130,146.73
SKU113,2025-12-21,182,129.98
SKU113,2025-12-28,128,141.71
SKU113,2026-01-04,71,125.47
SKU114,2025-10-19,158,151.16899999999998
SKU114,2025-10-26,156,145.71
SKU114,2025-11-02,147,143.61
SKU114,2025-11-09,177,136.23
SKU114,2025-11-16,154,133.54
SKU114,2025-11-23,135,142.44
SKU114,2025-11-30,140,138.12
SKU114,2025-12-07,126,144.69
SKU114,2025-12-14,131,134.44
SKU114,2025-12-21,137,143.13
SKU114,2025-12-28,148,136.76
SKU114,2026-01-04,49,130.44
SKU115,2025-10-19,153,142.65
SKU115,2025-10-26,169,153.96
SKU115,2025-11-02,108,138.61
SKU115,2025-11-09,167,123.54
SKU115,2025-11-16,165,138.9
SKU115,2025-11-23,96,136.75
SKU115,2025-11-30,135,132.69
SKU115,2025-12-07,128,140.29
SKU115,2025-12-14,131,138.45
SKU115,2025-12-21,116,130.56
SKU115,2025-12-28,115,134.31
SKU115,2026-01-04,42,130.65666666666667
SKU116,2025-10-19,161,131.71
SKU116,2025-10-26,164,137.32
SKU116,2025-11-02,124,150.3
SKU116,2025-11-09,138,145.71
SKU116,2025-11-16,117,138.22
SKU116,2025-11-23,175,137.25
SKU116,2025-11-30,137,127.06
SKU116,2025-12-07,127,143.05
SKU116,2025-12-14,123,129.11
SKU116,2025-12-21,134,152.55333333333334
SKU116,2025-12-28,83,138.0
SKU116,2026-01-04,63,132.82
SKU117,2025-10-19,129,141.35
SKU117,2025-10-26,162,134.81
SKU117,2025-11-02,121,144.55
SKU117,2025-11-09,167,145.805
SKU117,2025-11-16,141,136.83
SKU117,2025-11-23,146,145.57
SKU117,2025-11-30,104,136.56
SKU117,2025-12-07,147,132.39
SKU117,2025-12-14,138,137.01
SKU117,2025-12-21,121,146.96
SKU117,2025-12-28,101,148.24
SKU117,2026-01-04,52,145.12
SKU118,2025-10-19,184,146.3
SKU118,2025-10-26,127,148.42
SKU118,2025-11-02,164,143.39
SKU118,2025-11-09,130,140.09
SKU118,2025-11-16,140,131.73
SKU118,2025-11-23,131,131.73
SKU118,2025-11-30,141,136.1
SKU118,2025-12-07,156,141.92
SKU118,2025-12-14,112,136.74
SKU118,2025-12-21,153,138.11
SKU118,2025-12-28,167,135.51
SKU118,2026-01-04,56,128.67
SKU119,2025-10-19,102,136.99
SKU119,2025-10-26,148,147.8
SKU119,2025-11-02,150,133.05
SKU119,2025-11-09,125,134.95
SKU119,2025-11-16,157,139.63
SKU119,2025-11-23,165,141.63
SKU119,2025-11-30,152,147.64
SKU119,2025-12-07,158,148.16
SKU119,2025-12-14,113,141.66
SKU119,2025-12-21,105,124.78
SKU119,2025-12-28,155,142.42
SKU119,2026-01-04,64,141.11
SKU120,2025-10-19,132,140.44
SKU120,2025-10-26,124,141.21
SKU120,2025-11-02,161,143.51
SKU120,2025-11-09,155,138.37
SKU120,2025-11-16,143,131.49
SKU120,2025-11-23,133,131.04
SKU120,2025-11-30,158,140.37
SKU120,2025-12-07,125,147.1
SKU120,2025-12-14,147,131.32
SKU120,2025-12-21,117,126.89
SKU120,2025-12-28,155,143.12
SKU120,2026-01-04,48,147.77
SKU121,2025-10-19,115,124.07
SKU121,2025-10-26,178,147.77
SKU121,2025-11-02,150,149.37
SKU121,2025-11-09,165,135.39
SKU121,2025-11-16,86,121.82
SKU121,2025-11-23,166,145.85
SKU121,2025-11-30,148,131.99
SKU121,2025-12-07,203,135.05
SKU121,2025-12-14,160,131.63
SKU121,2025-12-21,103,146.34
SKU121,2025-12-28,130,143.03
SKU121,2026-01-04,45,144.4
SKU122,2025-10-19,125,138.59
SKU122,2025-10-26,110,136.9
SKU122,2025-11-02,159,133.91
SKU122,2025-11-09,131,140.67
SKU122,2025-11-16,144,133.15
SKU122,2025-11-23,161,144.47
SKU122,2025-11-30,112,146.47
SKU122,2025-12-07,111,140.2
SKU122,2025-12-14,130,144.5
SKU122,2025-12-21,121,129.82
SKU122,2025-12-28,128,136.19
SKU122,2026-01-04,50,140.11
SKU123,2025-10-19,166,131.26
SKU123,2025-10-26,149,136.18
SKU123,2025-11-02,145,137.07
SKU123,2025-11-09,140,142.05
SKU123,2025-11-16,118,133.1
SKU123,2025-11-23,165,140.81
SKU123,2025-11-30,128,141.57
SKU123,2025-12-07,138,142.9
SKU123,2025-12-14,145,137.92
SKU123,2025-12-21,163,141.45
SKU123,2025-12-28,149,140.47
SKU123,2026-01-04,64,143.67
SKU124,2025-10-19,150,136.86
SKU124,2025-10-26,147,141.41
SKU124,2025-11-02,154,130.35
SKU124,2025-11-09,137,138.83
SKU124,2025-11-16,132,144.16
SKU124,2025-11-23,187,148.94
SKU124,2025-11-30,123,142.3
SKU124,2025-12-07,169,134.17
SKU124,2025-12-14,92,133.91
SKU124,2025-12-21,129,142.14
SKU124,2025-12-28,159,141.43
SKU124,2026-01-04,59,141.31
SKU125,2025-10-19,164,138.52
SKU125,2025-10-26,137,141.59
SKU125,2025-11-02,145,140.38
SKU125,2025-11-09,114,138.89
SKU125,2025-11-16,135,143.83
SKU125,2025-11-23,169,124.51
SKU125,2025-11-30,138,150.66
SKU125,2025-12-07,149,145.98
SKU125,2025-12-14,121,151.26
SKU125,2025-12-21,145,137.18
SKU125,2025-12-28,141,141.15
SKU125,2026-01-04,68,151.42
SKU126,2025-10-19,100,129.6
SKU126,2025-10-26,129,133.07
SKU126,2025-11-02,138,133.93
SKU126,2025-11-09,136,142.08
SKU126,2025-11-16,150,137.96
SKU126,2025-11-23,148,147.12
SKU126,2025-11-30,172,143.6
SKU126,2025-12-07,132,131.9
SKU126,2025-12-14,165,143.21
SKU126,2025-12-21,135,148.3
SKU126,2025-12-28,176,139.97
SKU126,2026-01-04,73,142.08
SKU127,2025-10-19,148,141.19
SKU127,2025-10-26,147,142.45
SKU127,2025-11-02,87,138.77
SKU127,2025-11-09,109,129.24
SKU127,2025-11-16,167,131.56
SKU127,2025-11-23,139,133.6
SKU127,2025-11-30,144,146.1
SKU127,2025-12-07,171,139.01
SKU127,2025-12-14,165,147.01
SKU127,2025-12-21,157,140.99
SKU127,2025-12-28,177,148.16
SKU127,2026-01-04,40,131.98
SKU128,2025-10-19,162,130.28
SKU128,2025-10-26,168,137.83
SKU128,2025-11-02,169,138.25
SKU128,2025-11-09,150,130.56
SKU128,2025-11-16,132,132.15
SKU128,2025-11-23,103,144.11
SKU128,2025-11-30,151,141.8
SKU128,2025-12-07,141,143.07
SKU128,2025-12-14,133,143.46
SKU128,2025-12-21,183,140.96
SKU128,2025-12-28,146,132.0
SKU128,2026-01-04,63,142.79
SKU129,2025-10-19,151,136.67
SKU129,2025-10-26,117,141.3
SKU129,2025-11-02,141,146.73
SKU129,2025-11-09,153,127.86
SKU129,2025-11-16,153,144.78
SKU129,2025-11-23,153,142.07
SKU129,2025-11-30,107,137.24
SKU129,2025-12-07,118,147.26
SKU129,2025-12-14,163,147.83
SKU129,2025-12-21,107,145.82
SKU129,2025-12-28,164,137.81
SKU129,2026-01-04,88,136.02
SKU130,2025-10-19,159,137.36
SKU130,2025-10-26,150,137.04
SKU130,2025-11-02,111,138.97
SKU130,2025-11-09,140,140.64
SKU130,2025-11-16,168,142.6
SKU130,2025-11-23,123,140.73
SKU130,2025-11-30,128,139.06
SKU130,2025-12-07,138,143.86
SKU130,2025-12-14,169,130.02
SKU130,2025-12-21,137,132.51
SKU130,2025-12-28,123,150.96
SKU130,2026-01-04,82,133.63
SKU131,2025-10-19,129,133.81
SKU131,2025-10-26,168,133.33
SKU131,2025-11-02,189,143.89
SKU131,2025-11-09,113,135.48
SKU131,2025-11-16,151,133.74
SKU131,2025-11-23,85,137.2
SKU131,2025-11-30,137,151.68
SKU131,2025-12-07,177,152.95
SKU131,2025-12-14,129,141.61
SKU131,2025-12-21,140,138.91
SKU131,2025-12-28,189,135.42
SKU131,2026-01-04,59,134.43
SKU132,2025-10-19,138,148.78
SKU132,2025-10-26,127,139.9
SKU132,2025-11-02,138,143.19
SKU132,2025-11-09,109,136.36
SKU132,2025-11-16,117,150.23
SKU132,2025-11-23,152,136.02
SKU132,2025-11-30,178,147.19
SKU132,2025-12-07,157,146.91
SKU132,2025-12-14,178,136.28
SKU132,2025-12-21,126,140.39
SKU132,2025-12-28,123,139.7
SKU132,2026-01-04,44,142.42
SKU133,2025-10-19,126,125.88
SKU133,2025-10-26,135,135.04
SKU133,2025-11-02,139,140.31
SKU133,2025-11-09,146,144.18
SKU133,2025-11-16,147,132.65
SKU133,2025-11-23,164,136.02
SKU133,2025-11-30,156,138.53
SKU133,2025-12-07,139,141.8
SKU133,2025-12-14,159,138.42
SKU133,2025-12-21,129,133.06
SKU133,2025-12-28,127,133.97
SKU133,2026-01-04,44,140.26
SKU134,2025-10-19,94,135.33
SKU134,2025-10-26,174,139.84
SKU134,2025-11-02,127,146.64
SKU134,2025-11-09,207,146.84
SKU134,2025-11-16,161,135.33
SKU134,2025-11-23,165,145.07
SKU134,2025-11-30,141,136.52
SKU134,2025-12-07,132,135.13
SKU134,2025-12-14,126,135.44
SKU134,2025-12-21,126,140.42
SKU134,2025-12-28,180,130.55
SKU134,2026-01-04,23,135.05
SKU135,2025-10-19,127,138.29
SKU135,2025-10-26,113,127.5
SKU135,2025-11-02,169,131.07
SKU135,2025-11-09,169,138.24
SKU135,2025-11-16,147,133.46
SKU135,2025-11-23,175,140.52666666666667
SKU135,2025-11-30,139,140.54
SKU135,2025-12-07,126,131.93
SKU135,2025-12-14,122,139.71
SKU135,2025-12-21,162,151.77333333333334
SKU135,2025-12-28,140,142.04
SKU135,2026-01-04,69,150.06
SKU136,2025-10-19,182,138.78
SKU136,2025-10-26,176,128.5
SKU136,2025-11-02,160,141.42
SKU136,2025-11-09,130,137.39
SKU136,2025-11-16,137,143.46
SKU136,2025-11-23,126,146.94
SKU136,2025-11-30,157,134.27
SKU136,2025-12-07,132,139.77
SKU136,2025-12-14,130,142.24
SKU136,2025-12-21,166,141.69
SKU136,2025-12-28,165,122.63
SKU136,2026-01-04,78,134.52
SKU137,2025-10-19,147,134.92
SKU137,2025-10-26,115,129.14
SKU137,2025-11-02,181,140.61
SKU137,2025-11-09,161,131.57666666666665
SKU137,2025-11-16,90,145.47
SKU137,2025-11-23,131,133.72
SKU137,2025-11-30,123,136.32
SKU137,2025-12-07,126,144.13
SKU137,2025-12-14,132,145.74
SKU137,2025-12-21,115,137.16
SKU137,2025-12-28,111,135.83
SKU137,2026-01-04,45,145.39
SKU138,2025-10-19,152,137.89
SKU138,2025-10-26,142,130.95
SKU138,2025-11-02,117,131.33
SKU138,2025-11-09,130,127.54
SKU138,2025-11-16,118,149.94
SKU138,2025-11-23,132,132.19
SKU138,2025-11-30,145,138.78
SKU138,2025-12-07,133,142.84
SKU138,2025-12-14,132,125.03
SKU138,2025-12-21,123,139.42
SKU138,2025-12-28,113,144.61
SKU138,2026-01-04,35,132.11
SKU139,2025-10-19,137,134.35
SKU139,2025-10-26,191,142.04
SKU139,2025-11-02,139,146.74
SKU139,2025-11-09,140,135.33
SKU139,2025-11-16,141,136.18
SKU139,2025-11-23,148,140.42857142857144
SKU139,2025-11-30,189,144.74
SKU139,2025-12-07,187,140.49
SKU139,2025-12-14,141,135.35
SKU139,2025-12-21,166,130.21
SKU139,2025-12-28,154,147.13
SKU139,2026-01-04,63,146.37
SKU140,2025-10-19,131,137.92
SKU140,2025-10-26,167,144.3
SKU140,2025-11-02,156,123.61
SKU140,2025-11-09,109,144.36
SKU140,2025-11-16,127,136.94
SKU140,2025-11-23,145,136.0
SKU140,2025-11-30,122,131.52
SKU140,2025-12-07,162,144.5
SKU140,2025-12-14,178,129.43
SKU140,2025-12-21,148,148.06
SKU140,2025-12-28,118,129.21
SKU140,2026-01-04,62,128.07
SKU141,2025-10-19,150,144.44
SKU141,2025-10-26,121,140.82
SKU141,2025-11-02,163,143.11
SKU141,2025-11-09,96,130.91
SKU141,2025-11-16,157,141.71
SKU141,2025-11-23,171,143.49
SKU141,2025-11-30,171,154.72
SKU141,2025-12-07,143,138.65
SKU141,2025-12-14,123,143.31
SKU141,2025-12-21,101,140.06
SKU141,2025-12-28,141,140.33
SKU141,2026-01-04,82,146.98
SKU142,2025-10-19,128,129.58
SKU142,2025-10-26,116,129.3
SKU142,2025-11-02,129,137.1
SKU142,2025-11-09,131,135.35
SKU142,2025-11-16,159,141.54
SKU142,2025-11-23,152,148.34
SKU142,2025-11-30,121,126.92
SKU142,2025-12-07,137,125.11
SKU142,2025-12-14,125,128.99
SKU142,2025-12-21,112,147.41
SKU142,2025-12-28,193,137.86
SKU142,2026-01-04,85,133.44
SKU143,2025-10-19,120,143.58
SKU143,2025-10-26,137,136.88
SKU143,2025-11-02,136,137.51
SKU143,2025-11-09,164,130.49
SKU143,2025-11-16,104,131.8
SKU143,2025-11-23,149,138.57
SKU143,2025-11-30,183,133.97
SKU143,2025-12-07,178,145.52
SKU143,2025-12-14,127,137.78
SKU143,2025-12-21,110,145.86
SKU143,2025-12-28,161,137.61
SKU143,2026-01-04,77,140.44
SKU144,2025-10-19,114,145.74
SKU144,2025-10-26,146,130.33
SKU144,2025-11-02,113,133.27
SKU144,2025-11-09,111,137.42
SKU144,2025-11-16,161,148.57
SKU144,2025-11-23,148,139.87
SKU144,2025-11-30,160,141.06
SKU144,2025-12-07,135,152.07
SKU144,2025-12-14,128,146.86
SKU144,2025-12-21,134,146.69
SKU144,2025-12-28,135,140.89
SKU144,2026-01-04,66,145.11
SKU145,2025-10-19,166,141.1
SKU145,2025-10-26,113,142.54
SKU145,2025-11-02,133,144.37
SKU145,2025-11-09,155,143.01
SKU145,2025-11-16,168,147.95
SKU145,2025-11-23,90,136.92
SKU145,2025-11-30,179,145.75
SKU145,2025-12-07,115,126.57
SKU145,2025-12-14,124,138.8
SKU145,2025-12-21,91,134.9
SKU145,2025-12-28,169,148.88
SKU145,2026-01-04,49,143.76
SKU146,2025-10-19,129,143.14
SKU146,2025-10-26,139,140.03
SKU146,2025-11-02,160,150.55
SKU146,2025-11-09,176,142.1
SKU146,2025-11-16,105,133.29
SKU146,2025-11-23,150,150.24
SKU146,2025-11-30,162,137.34
SKU146,2025-12-07,146,138.03
SKU146,2025-12-14,96,143.98
SKU146,2025-12-21,137,151.97
SKU146,2025-12-28,118,143.06
SKU146,2026-01-04,59,147.17
SKU147,2025-10-19,133,139.02
SKU147,2025-10-26,128,133.75
SKU147,2025-11-02,159,139.44
SKU147,2025-11-09,136,132.73
SKU147,2025-11-16,118,141.92
SKU147,2025-11-23,149,129.06
SKU147,2025-11-30,139,135.93
SKU147,2025-12-07,174,143.2
SKU147,2025-12-14,143,144.06
SKU147,2025-12-21,102,137.61
SKU147,2025-12-28,102,144.18
SKU147,2026-01-04,52,141.16
SKU148,2025-10-19,116,127.39
SKU148,2025-10-26,189,141.9
SKU148,2025-11-02,157,130.32
SKU148,2025-11-09,197,128.46
SKU148,2025-11-16,141,133.75
SKU148,2025-11-23,173,129.33
SKU148,2025-11-30,176,139.41
SKU148,2025-12-07,159,149.06
SKU148,2025-12-14,216,139.78
SKU148,2025-12-21,130,133.94
SKU148,2025-12-28,152,145.02
SKU148,2026-01-04,58,140.44
SKU149,2025-10-19,162,137.84
SKU149,2025-10-26,140,130.07
SKU149,2025-11-02,160,139.71
SKU149,2025-11-09,146,148.53
SKU149,2025-11-16,122,127.97
SKU149,2025-11-23,115,127.97
SKU149,2025-11-30,140,143.25
SKU149,2025-12-07,154,133.98
SKU149,2025-12-14,143,141.56
SKU149,2025-12-21,205,145.66
SKU149,2025-12-28,130,140.7
SKU149,2026-01-04,63,143.53
SKU150,2025-10-19,148,136.79
SKU150,2025-10-26,138,139.56
SKU150,2025-11-02,187,150.8
SKU150,2025-11-09,92,139.66
SKU150,2025-11-16,149,122.7
SKU150,2025-11-23,124,138.98
SKU150,2025-11-30,119,144.56
SKU150,2025-12-07,139,146.98
SKU150,2025-12-14,135,140.1
SKU150,2025-12-21,147,135.52
SKU150,2025-12-28,160,137.16
SKU150,2026-01-04,54,133.65
SKU151,2025-10-19,121,142.81
SKU151,2025-10-26,124,145.5
SKU151,2025-11-02,180,126.38666666666666
SKU151,2025-11-09,144,154.48
SKU151,2025-11-16,153,140.62
SKU151,2025-11-23,147,147.25
SKU151,2025-11-30,119,134.99
SKU151,2025-12-07,152,151.69
SKU151,2025-12-14,139,131.44
SKU151,2025-12-21,160,143.32
SKU151,2025-12-28,124,138.17
SKU151,2026-01-04,54,144.2775
SKU152,2025-10-19,136,119.55
SKU152,2025-10-26,162,149.13
SKU152,2025-11-02,131,147.57
SKU152,2025-11-09,126,135.7
SKU152,2025-11-16,121,138.89
SKU152,2025-11-23,98,144.1
SKU152,2025-11-30,143,148.91
SKU152,2025-12-07,152,142.21
SKU152,2025-12-14,143,143.36
SKU152,2025-12-21,179,143.48
SKU152,2025-12-28,124,140.08
SKU152,2026-01-04,65,145.31
SKU153,2025-10-19,166,139.33
SKU153,2025-10-26,161,143.74
SKU153,2025-11-02,130,142.28
SKU153,2025-11-09,140,118.01
SKU153,2025-11-16,118,151.55
SKU153,2025-11-23,103,135.03
SKU153,2025-11-30,132,143.83
SKU153,2025-12-07,119,133.55
SKU153,2025-12-14,104,142.06
SKU153,2025-12-21,186,141.6
SKU153,2025-12-28,144,129.4
SKU153,2026-01-04,44,140.75
SKU154,2025-10-19,144,146.27
SKU154,2025-10-26,113,130.49
SKU154,2025-11-02,155,140.04
SKU154,2025-11-09,154,128.82
SKU154,2025-11-16,170,132.09
SKU154,2025-11-23,154,141.8
SKU154,2025-11-30,103,148.79
SKU154,2025-12-07,178,162.97
SKU154,2025-12-14,132,136.09
SKU154,2025-12-21,175,139.81
SKU154,2025-12-28,126,143.34
SKU154,2026-01-04,31,133.51
SKU155,2025-10-19,138,142.67
SKU155,2025-10-26,167,119.25
SKU155,2025-11-02,161,138.52
SKU155,2025-11-09,133,136.17
SKU155,2025-11-16,149,142.88
SKU155,2025-11-23,152,138.66
SKU155,2025-11-30,135,135.62
SKU155,2025-12-07,127,135.8
SKU155,2025-12-14,175,136.0
SKU155,2025-12-21,156,135.01
SKU155,2025-12-28,162,132.75
SKU155,2026-01-04,43,142.52
SKU156,2025-10-19,144,138.58
SKU156,2025-10-26,174,142.13
SKU156,2025-11-02,78,147.9
SKU156,2025-11-09,138,149.87
SKU156,2025-11-16,167,146.51
SKU156,2025-11-23,186,143.41
SKU156,2025-11-30,154,145.1
SKU156,2025-12-07,137,142.65
SKU156,2025-12-14,145,144.24
SKU156,2025-12-21,108,136.49
SKU156,2025-12-28,146,152.11
SKU156,2026-01-04,60,141.73
SKU157,2025-10-19,110,131.67
SKU157,2025-10-26,141,144.78
SKU157,2025-11-02,139,148.86
SKU157,2025-11-09,125,144.6
SKU157,2025-11-16,115,142.46
SKU157,2025-11-23,132,153.53
SKU157,2025-11-30,176,136.41
SKU157,2025-12-07,197,143.24
SKU157,2025-12-14,170,144.77
SKU157,2025-12-21,128,139.1
SKU157,2025-12-28,155,136.33
SKU157,2026-01-04,66,133.38
SKU158,2025-10-19,137,123.86
SKU158,2025-10-26,115,131.75
SKU158,2025-11-02,166,134.97
SKU158,2025-11-09,124,146.85
SKU158,2025-11-16,165,140.96
SKU158,2025-11-23,178,140.72
SKU158,2025-11-30,120,131.6
SKU158,2025-12-07,110,141.63
SKU158,2025-12-14,164,132.34
SKU158,2025-12-21,115,149.15
SKU158,2025-12-28,152,143.5
SKU158,2026-01-04,64,146.98
SKU159,2025-10-19,148,143.13
SKU159,2025-10-26,122,135.51
SKU159,2025-11-02,165,154.03
SKU159,2025-11-09,151,139.6
SKU159,2025-11-16,134,126.44
SKU159,2025-11-23,157,136.48
SKU159,2025-11-30,99,136.97
SKU159,2025-12-07,178,145.1
SKU159,2025-12-14,123,132.17
SKU159,2025-12-21,141,135.61
SKU159,2025-12-28,131,146.51333333333335
SKU159,2026-01-04,70,138.91
SKU160,2025-10-19,138,155.43
SKU160,2025-10-26,159,143.14
SKU160,2025-11-02,112,140.82
SKU160,2025-11-09,115,143.51
SKU160,2025-11-16,163,139.05
SKU160,2025-11-23,125,137.61
SKU160,2025-11-30,143,142.28
SKU160,2025-12-07,113,135.1
SKU160,2025-12-14,160,127.44
SKU160,2025-12-21,136,163.346
SKU160,2025-12-28,119,137.41
SKU160,2026-01-04,63,144.99
SKU161,2025-10-19,118,140.08
SKU161,2025-10-26,128,141.77
SKU161,2025-11-02,151,148.87
SKU161,2025-11-09,138,146.75
SKU161,2025-11-16,116,145.51
SKU161,2025-11-23,145,148.08
SKU161,2025-11-30,118,128.7
SKU161,2025-12-07,116,145.11
SKU161,2025-12-14,168,150.35
SKU161,2025-12-21,144,139.67
SKU161,2025-12-28,119,128.52
SKU161,2026-01-04,87,144.03
SKU162,2025-10-19,160,138.86
SKU162,2025-10-26,136,145.05333333333334
SKU162,2025-11-02,159,136.28
SKU162,2025-11-09,144,140.39
SKU162,2025-11-16,180,139.92
SKU162,2025-11-23,153,131.21
SKU162,2025-11-30,128,137.5
SKU162,2025-12-07,123,135.86
SKU162,2025-12-14,148,143.8
SKU162,2025-12-21,112,153.27
SKU162,2025-12-28,121,153.4
SKU162,2026-01-04,52,144.56
SKU163,2025-10-19,178,153.1
SKU163,2025-10-26,153,135.94
SKU163,2025-11-02,154,148.84
SKU163,2025-11-09,166,143.31
SKU163,2025-11-16,145,139.59
SKU163,2025-11-23,133,137.68
SKU163,2025-11-30,109,145.02
SKU163,2025-12-07,155,141.1
SKU163,2025-12-14,142,144.56
SKU163,2025-12-21,143,149.27
SKU163,2025-12-28,159,140.41
SKU163,2026-01-04,62,134.49
SKU164,2025-10-19,114,148.21
SKU164,2025-10-26,151,148.99
SKU164,2025-11-02,145,135.73
SKU164,2025-11-09,131,127.55
SKU164,2025-11-16,160,138.7
SKU164,2025-11-23,124,135.73
SKU164,2025-11-30,153,136.22
SKU164,2025-12-07,127,140.53
SKU164,2025-12-14,154,132.94
SKU164,2025-12-21,134,135.13
SKU164,2025-12-28,116,144.7
SKU164,2026-01-04,74,143.02
SKU165,2025-10-19,120,136.36
SKU165,2025-10-26,163,143.76
SKU165,2025-11-02,145,151.51
SKU165,2025-11-09,159,124.98666666666666
SKU165,2025-11-16,130,142.08333333333334
SKU165,2025-11-23,138,142.64
SKU165,2025-11-30,120,139.05
SKU165,2025-12-07,135,140.92
SKU165,2025-12-14,131,136.7
SKU165,2025-12-21,110,148.09
SKU165,2025-12-28,133,140.24
SKU165,2026-01-04,52,149.41
SKU166,2025-10-19,142,147.79
SKU166,2025-10-26,123,149.1
SKU166,2025-11-02,157,143.62
SKU166,2025-11-09,141,141.38
SKU166,2025-11-16,160,138.66
SKU166,2025-11-23,150,140.35
SKU166,2025-11-30,155,135.055
SKU166,2025-12-07,84,122.23
SKU166,2025-12-14,138,140.14
SKU166,2025-12-21,69,145.15
SKU166,2025-12-28,116,145.87
SKU166,2026-01-04,63,129.69
SKU167,2025-10-19,157,132.88
SKU167,2025-10-26,106,140.42
SKU167,2025-11-02,158,140.01
SKU167,2025-11-09,140,141.66
SKU167,2025-11-16,134,148.56
SKU167,2025-11-23,155,138.1833333333333
SKU167,2025-11-30,171,134.22
SKU167,2025-12-07,98,122.96
SKU167,2025-12-14,159,140.95
SKU167,2025-12-21,175,138.38
SKU167,2025-12-28,124,146.13
SKU167,2026-01-04,62,124.84
SKU168,2025-10-19,170,129.84
SKU168,2025-10-26,162,151.9
SKU168,2025-11-02,143,139.66
SKU168,2025-11-09,126,138.88
SKU168,2025-11-16,123,145.68
SKU168,2025-11-23,138,138.75
SKU168,2025-11-30,134,144.34
SKU168,2025-12-07,129,135.24
SKU168,2025-12-14,151,147.59
SKU168,2025-12-21,102,138.74
SKU168,2025-12-28,129,129.21
SKU168,2026-01-04,39,138.31
SKU169,2025-10-19,121,137.89
SKU169,2025-10-26,150,141.02
SKU169,2025-11-02,104,144.37
SKU169,2025-11-09,115,140.88
SKU169,2025-11-16,176,137.73
SKU169,2025-11-23,121,143.67
SKU169,2025-11-30,182,136.39
SKU169,2025-12-07,144,156.27
SKU169,2025-12-14,172,125.16
SKU169,2025-12-21,120,130.13
SKU169,2025-12-28,123,150.32
SKU169,2026-01-04,68,140.86
SKU170,2025-10-19,133,135.05
SKU170,2025-10-26,109,140.67
SKU170,2025-11-02,126,139.94
SKU170,2025-11-09,189,163.59
SKU170,2025-11-16,125,138.67
SKU170,2025-11-23,133,146.15
SKU170,2025-11-30,150,145.04
SKU170,2025-12-07,141,141.65
SKU170,2025-12-14,136,146.83
SKU170,2025-12-21,116,143.38
SKU170,2025-12-28,129,131.93
SKU170,2026-01-04,57,122.76
SKU171,2025-10-19,124,123.82
SKU171,2025-10-26,122,137.19
SKU171,2025-11-02,187,139.52
SKU171,2025-11-09,138,140.81
SKU171,2025-11-16,137,141.6
SKU171,2025-11-23,145,134.38
SKU171,2025-11-30,208,146.12
SKU171,2025-12-07,116,139.67
SKU171,2025-12-14,150,130.72
SKU171,2025-12-21,175,150.62
SKU171,2025-12-28,85,150.91
SKU171,2026-01-04,37,143.23
SKU172,2025-10-19,134,136.83
SKU172,2025-10-26,123,151.07
SKU172,2025-11-02,143,138.74
SKU172,2025-11-09,148,136.52
SKU172,2025-11-16,175,143.4
SKU172,2025-11-23,162,135.77
SKU172,2025-11-30,108,149.32
SKU172,2025-12-07,115,135.69
SKU172,2025-12-14,138,145.67
SKU172,2025-12-21,187,138.27
SKU172,2025-12-28,144,141.61
SKU172,2026-01-04,51,141.5066666666667
SKU173,2025-10-19,147,149.79
SKU173,2025-10-26,122,144.04
SKU173,2025-11-02,122,132.5
SKU173,2025-11-09,151,140.47
SKU173,2025-11-16,130,145.17
SKU173,2025-11-23,154,135.09
SKU173,2025-11-30,115,136.1
SKU173,2025-12-07,155,137.24
SKU173,2025-12-14,120,147.37
SKU173,2025-12-21,87,139.0
SKU173,2025-12-28,121,138.26
SKU173,2026-01-04,88,139.21
SKU174,2025-10-19,200,159.88
SKU174,2025-10-26,162,136.46
SKU174,2025-11-02,118,149.23
SKU174,2025-11-09,153,148.8
SKU174,2025-11-16,128,139.75
SKU174,2025-11-23,169,147.99
SKU174,2025-11-30,86,142.69
SKU174,2025-12-07,124,150.35
SKU174,2025-12-14,166,150.15
SKU174,2025-12-21,107,145.56
SKU174,2025-12-28,107,138.52
SKU174,2026-01-04,81,140.11
SKU175,2025-10-19,112,135.12
SKU175,2025-10-26,72,140.48
SKU175,2025-11-02,120,142.4
SKU175,2025-11-09,134,145.26
SKU175,2025-11-16,151,125.04
SKU175,2025-11-23,122,132.99
SKU175,2025-11-30,131,145.65
SKU175,2025-12-07,104,135.07
SKU175,2025-12-14,193,136.99
SKU175,2025-12-21,135,131.55
SKU175,2025-12-28,160,141.17
SKU175,2026-01-04,42,146.26
SKU176,2025-10-19,137,141.86
SKU176,2025-10-26,124,141.5
SKU176,2025-11-02,119,138.35
SKU176,2025-11-09,106,139.27
SKU176,2025-11-16,108,125.14
SKU176,2025-11-23,164,135.71
SKU176,2025-11-30,129,145.6
SKU176,2025-12-07,117,132.65
SKU176,2025-12-14,164,139.56
SKU176,2025-12-21,148,143.95
SKU176,2025-12-28,141,134.07
SKU176,2026-01-04,48,148.4
SKU177,2025-10-19,138,135.17
SKU177,2025-10-26,136,136.41
SKU177,2025-11-02,143,145.88
SKU177,2025-11-09,110,140.01
SKU177,2025-11-16,167,139.67
SKU177,2025-11-23,129,136.4
SKU177,2025-11-30,135,135.48
SKU177,2025-12-07,165,136.62
SKU177,2025-12-14,126,145.98
SKU177,2025-12-21,102,137.95
SKU177,2025-12-28,124,135.91
SKU177,2026-01-04,54,142.49
SKU178,2025-10-19,144,125.01
SKU178,2025-10-26,115,141.5
SKU178,2025-11-02,179,144.17
SKU178,2025-11-09,118,135.22
SKU178,2025-11-16,136,138.94
SKU178,2025-11-23,106,144.02
SKU178,2025-11-30,103,127.06
SKU178,2025-12-07,167,140.19
SKU178,2025-12-14,158,129.03
SKU178,2025-12-21,149,141.36
SKU178,2025-12-28,131,142.85
SKU178,2026-01-04,48,135.44
SKU179,2025-10-19,122,146.03
SKU179,2025-10-26,146,141.07
SKU179,2025-11-02,154,138.96
SKU179,2025-11-09,124,135.52
SKU179,2025-11-16,114,142.08
SKU179,2025-11-23,156,139.0
SKU179,2025-11-30,127,134.4
SKU179,2025-12-07,136,150.8
SKU179,2025-12-14,124,147.3
SKU179,2025-12-21,138,143.85
SKU179,2025-12-28,142,143.77
SKU179,2026-01-04,86,129.2
SKU180,2025-10-19,151,141.66
SKU180,2025-10-26,150,146.46
SKU180,2025-11-02,183,146.7
SKU180,2025-11-09,175,152.5
SKU180,2025-11-16,150,148.96
SKU180,2025-11-23,143,135.02
SKU180,2025-11-30,103,136.01
SKU180,2025-12-07,136,124.99
SKU180,2025-12-14,141,141.92
SKU180,2025-12-21,96,127.85
SKU180,2025-12-28,176,146.18
SKU180,2026-01-04,26,143.44
SKU181,2025-10-19,147,147.66
SKU181,2025-10-26,173,134.37
SKU181,2025-11-02,130,162.25
SKU181,2025-11-09,117,141.88
SKU181,2025-11-16,165,137.62
SKU181,2025-11-23,169,138.38
SKU181,2025-11-30,164,139.67
SKU181,2025-12-07,148,128.37
SKU181,2025-12-14,89,138.47
SKU181,2025-12-21,124,134.6
SKU181,2025-12-28,125,133.33
SKU181,2026-01-04,67,142.43
SKU182,2025-10-19,138,143.37
SKU182,2025-10-26,161,133.0
SKU182,2025-11-02,167,139.62333333333333
SKU182,2025-11-09,146,134.53
SKU182,2025-11-16,81,143.0
SKU182,2025-11-23,184,137.24
SKU182,2025-11-30,130,139.1
SKU182,2025-12-07,129,146.05
SKU182,2025-12-14,124,139.02
SKU182,2025-12-21,105,132.17
SKU182,2025-12-28,138,136.05
SKU182,2026-01-04,80,141.69
SKU183,2025-10-19,177,137.36
SKU183,2025-10-26,128,140.95
SKU183,2025-11-02,166,139.92
SKU183,2025-11-09,106,129.31
SKU183,2025-11-16,168,123.51
SKU183,2025-11-23,138,154.24
SKU183,2025-11-30,105,138.87
SKU183,2025-12-07,135,139.32
SKU183,2025-12-14,143,155.71
SKU183,2025-12-21,149,128.51
SKU183,2025-12-28,124,141.71
SKU183,2026-01-04,86,139.83
SKU184,2025-10-19,131,142.06
SKU184,2025-10-26,146,143.04
SKU184,2025-11-02,145,141.28
SKU184,2025-11-09,194,135.09
SKU184,2025-11-16,159,126.54
SKU184,2025-11-23,160,133.6
SKU184,2025-11-30,120,148.42
SKU184,2025-12-07,152,140.46
SKU184,2025-12-14,160,137.22
SKU184,2025-12-21,130,136.03
SKU184,2025-12-28,123,133.53
SKU184,2026-01-04,51,143.45
SKU185,2025-10-19,186,147.26
SKU185,2025-10-26,146,140.5
SKU185,2025-11-02,174,133.52
SKU185,2025-11-09,146,153.74
SKU185,2025-11-16,154,152.5
SKU185,2025-11-23,126,137.45
SKU185,2025-11-30,107,149.54
SKU185,2025-12-07,148,146.14
SKU185,2025-12-14,121,144.4
SKU185,2025-12-21,134,136.96
SKU185,2025-12-28,120,155.89
SKU185,2026-01-04,75,148.79
SKU186,2025-10-19,92,152.16
SKU186,2025-10-26,145,141.97
SKU186,2025-11-02,106,147.97
SKU186,2025-11-09,126,146.3
SKU186,2025-11-16,110,128.08
SKU186,2025-11-23,157,140.99
SKU186,2025-11-30,158,134.6
SKU186,2025-12-07,162,139.78
SKU186,2025-12-14,135,137.12
SKU186,2025-12-21,149,132.09
SKU186,2025-12-28,156,144.12
SKU186,2026-01-04,61,132.82
SKU187,2025-10-19,164,139.07
SKU187,2025-10-26,99,143.11
SKU187,2025-11-02,171,141.11
SKU187,2025-11-09,186,138.33
SKU187,2025-11-16,147,145.09
SKU187,2025-11-23,137,136.36
SKU187,2025-11-30,127,147.81
SKU187,2025-12-07,135,131.92
SKU187,2025-12-14,163,152.18
SKU187,2025-12-21,146,144.92
SKU187,2025-12-28,126,141.02
SKU187,2026-01-04,89,150.63
SKU188,2025-10-19,162,138.85
SKU188,2025-10-26,80,138.99
SKU188,2025-11-02,111,139.37
SKU188,2025-11-09,113,136.35
SKU188,2025-11-16,142,131.13
SKU188,2025-11-23,165,134.06
SKU188,2025-11-30,117,127.21
SKU188,2025-12-07,167,150.07
SKU188,2025-12-14,124,145.92
SKU188,2025-12-21,152,145.86
SKU188,2025-12-28,160,141.26
SKU188,2026-01-04,41,134.41
SKU189,2025-10-19,176,137.75
SKU189,2025-10-26,122,149.75
SKU189,2025-11-02,126,132.52
SKU189,2025-11-09,129,132.74
SKU189,2025-11-16,170,136.99
SKU189,2025-11-23,138,136.52
SKU189,2025-11-30,131,140.28
SKU189,2025-12-07,144,139.51
SKU189,2025-12-14,145,131.4
SKU189,2025-12-21,138,146.44
SKU189,2025-12-28,178,136.12
SKU189,2026-01-04,57,147.41
SKU190,2025-10-19,182,144.84
SKU190,2025-10-26,117,142.26
SKU190,2025-11-02,177,142.81
SKU190,2025-11-09,127,148.74
SKU190,2025-11-16,131,127.56
SKU190,2025-11-23,126,135.15
SKU190,2025-11-30,118,134.39
SKU190,2025-12-07,117,152.25
SKU190,2025-12-14,138,133.8
SKU190,2025-12-21,142,145.96
SKU190,2025-12-28,152,137.35
SKU190,2026-01-04,58,128.22
SKU191,2025-10-19,174,146.04
SKU191,2025-10-26,140,142.89
SKU191,2025-11-02,220,131.32
SKU191,2025-11-09,138,152.3
SKU191,2025-11-16,91,166.64
SKU191,2025-11-23,186,132.96
SKU191,2025-11-30,131,151.43
SKU191,2025-12-07,104,140.87
SKU191,2025-12-14,120,148.36
SKU191,2025-12-21,118,146.78
SKU191,2025-12-28,174,142.98
SKU191,2026-01-04,91,142.79
SKU192,2025-10-19,158,141.94
SKU192,2025-10-26,126,132.92
SKU192,2025-11-02,169,140.8
SKU192,2025-11-09,144,140.48
SKU192,2025-11-16,69,143.43
SKU192,2025-11-23,184,137.85
SKU192,2025-11-30,123,132.99
SKU192,2025-12-07,154,137.94
SKU192,2025-12-14,158,148.02
SKU192,2025-12-21,140,134.04
SKU192,2025-12-28,142,140.47
SKU192,2026-01-04,62,132.64
SKU193,2025-10-19,118,144.08
SKU193,2025-10-26,146,153.2
SKU193,2025-11-02,130,139.14
SKU193,2025-11-09,166,151.0
SKU193,2025-11-16,143,139.13
SKU193,2025-11-23,128,142.47
SKU193,2025-11-30,125,144.52
SKU193,2025-12-07,109,151.9
SKU193,2025-12-14,183,142.28
SKU193,2025-12-21,154,138.51
SKU193,2025-12-28,136,145.66
SKU193,2026-01-04,26,141.22
SKU194,2025-10-19,166,143.18
SKU194,2025-10-26,155,137.91
SKU194,2025-11-02,123,149.7
SKU194,2025-11-09,124,140.26
SKU194,2025-11-16,146,142.62
SKU194,2025-11-23,111,139.76
SKU194,2025-11-30,124,149.93
SKU194,2025-12-07,131,150.13
SKU194,2025-12-14,110,144.26
SKU194,2025-12-21,127,148.69
SKU194,2025-12-28,134,137.69
SKU194,2026-01-04,49,139.18
SKU195,2025-10-19,171,131.28
SKU195,2025-10-26,127,131.71
SKU195,2025-11-02,156,128.63
SKU195,2025-11-09,156,136.2
SKU195,2025-11-16,121,133.06
SKU195,2025-11-23,121,133.31
SKU195,2025-11-30,162,142.2675
SKU195,2025-12-07,151,143.91
SKU195,2025-12-14,123,134.5
SKU195,2025-12-21,149,148.58
SKU195,2025-12-28,176,139.89
SKU195,2026-01-04,70,139.91
SKU196,2025-10-19,126,142.59
SKU196,2025-10-26,154,154.83
SKU196,2025-11-02,162,145.76
SKU196,2025-11-09,176,142.2
SKU196,2025-11-16,130,134.26
SKU196,2025-11-23,154,143.43
SKU196,2025-11-30,135,125.73
SKU196,2025-12-07,138,143.82
SKU196,2025-12-14,130,150.25
SKU196,2025-12-21,133,144.04
SKU196,2025-12-28,157,132.88
SKU196,2026-01-04,63,139.92
SKU197,2025-10-19,147,149.05
SKU197,2025-10-26,142,138.02
SKU197,2025-11-02,142,143.99
SKU197,2025-11-09,171,146.05
SKU197,2025-11-16,203,143.93
SKU197,2025-11-23,171,106.58
SKU197,2025-11-30,146,147.42
SKU197,2025-12-07,185,143.01
SKU197,2025-12-14,135,134.89
SKU197,2025-12-21,119,138.4
SKU197,2025-12-28,118,131.15
SKU197,2026-01-04,88,133.71
SKU198,2025-10-19,152,131.92
SKU198,2025-10-26,172,137.26
SKU198,2025-11-02,144,143.38
SKU198,2025-11-09,182,147.14
SKU198,2025-11-16,160,142.86
SKU198,2025-11-23,128,131.95
SKU198,2025-11-30,170,131.04
SKU198,2025-12-07,127,138.79
SKU198,2025-12-14,123,134.46
SKU198,2025-12-21,141,134.03
SKU198,2025-12-28,133,145.23
SKU198,2026-01-04,74,141.25
SKU199,2025-10-19,141,154.89
SKU199,2025-10-26,130,149.07
SKU199,2025-11-02,137,147.49
SKU199,2025-11-09,167,141.99
SKU199,2025-11-16,143,150.42
SKU199,2025-11-23,141,136.96
SKU199,2025-11-30,142,143.75
SKU199,2025-12-07,151,150.83
SKU199,2025-12-14,163,131.38
SKU199,2025-12-21,141,141.53
SKU199,2025-12-28,157,152.97
SKU199,2026-01-04,33,134.29
SKU200,2025-10-19,129,139.02
SKU200,2025-10-26,167,143.99
SKU200,2025-11-02,173,134.63
SKU200,2025-11-09,136,138.81
SKU200,2025-11-16,101,144.71
SKU200,2025-11-23,153,145.09
SKU200,2025-11-30,129,146.49
SKU200,2025-12-07,139,153.97
SKU200,2025-12-14,188,149.85
SKU200,2025-12-21,92,142.82
SKU200,2025-12-28,157,133.61
SKU200,2026-01-04,64,136.97
SKU201,2025-10-19,131,143.75
SKU201,2025-10-26,136,136.69
SKU201,2025-11-02,176,157.16
SKU201,2025-11-09,143,134.68
SKU201,2025-11-16,142,138.85
SKU201,2025-11-23,154,145.4
SKU201,2025-11-30,110,141.49
SKU201,2025-12-07,129,146.8
SKU201,2025-12-14,140,145.39
SKU201,2025-12-21,158,127.16
SKU201,2025-12-28,139,143.08
SKU201,2026-01-04,39,133.43
SKU202,2025-10-19,155,142.66
SKU202,2025-10-26,131,138.38
SKU202,2025-11-02,112,146.17
SKU202,2025-11-09,154,131.13
SKU202,2025-11-16,130,136.53
SKU202,2025-11-23,131,139.3
SKU202,2025-11-30,158,139.95
SKU202,2025-12-07,139,141.14
SKU202,2025-12-14,138,147.02
SKU202,2025-12-21,195,134.38
SKU202,2025-12-28,112,144.5
SKU202,2026-01-04,73,139.58
SKU203,2025-10-19,175,133.68
SKU203,2025-10-26,124,147.42
SKU203,2025-11-02,113,132.91
SKU203,2025-11-09,125,142.48
SKU203,2025-11-16,130,139.14
SKU203,2025-11-23,108,133.91
SKU203,2025-11-30,113,131.58
SKU203,2025-12-07,106,129.95
SKU203,2025-12-14,127,151.01
SKU203,2025-12-21,117,143.08
SKU203,2025-12-28,148,143.63
SKU203,2026-01-04,73,139.16
SKU204,2025-10-19,173,144.81
SKU204,2025-10-26,133,143.36
SKU204,2025-11-02,170,144.1
SKU204,2025-11-09,155,149.75
SKU204,2025-11-16,133,145.29
SKU204,2025-11-23,140,131.69
SKU204,2025-11-30,105,150.76
SKU204,2025-12-07,130,141.2
SKU204,2025-12-14,143,141.86
SKU204,2025-12-21,120,140.73
SKU204,2025-12-28,185,137.49
SKU204,2026-01-04,55,131.85
SKU205,2025-10-19,152,154.52
SKU205,2025-10-26,141,141.62
SKU205,2025-11-02,176,139.16
SKU205,2025-11-09,152,122.38
SKU205,2025-11-16,132,138.94
SKU205,2025-11-23,141,139.2
SKU205,2025-11-30,128,135.91
SKU205,2025-12-07,137,153.62
SKU205,2025-12-14,161,138.52
SKU205,2025-12-21,158,132.95
SKU205,2025-12-28,149,137.39
SKU205,2026-01-04,57,148.34
SKU206,2025-10-19,99,145.4
SKU206,2025-10-26,111,138.09
SKU206,2025-11-02,137,136.98
SKU206,2025-11-09,147,134.24
SKU206,2025-11-16,166,131.23
SKU206,2025-11-23,101,136.27
SKU206,2025-11-30,144,151.27
SKU206,2025-12-07,137,137.74
SKU206,2025-12-14,155,132.1
SKU206,2025-12-21,147,142.75
SKU206,2025-12-28,158,126.42
SKU206,2026-01-04,55,140.31
SKU207,2025-10-19,123,141.8
SKU207,2025-10-26,146,156.66
SKU207,2025-11-02,143,152.07
SKU207,2025-11-09,141,139.16
SKU207,2025-11-16,130,143.19
SKU207,2025-11-23,126,135.21
SKU207,2025-11-30,133,141.51
SKU207,2025-12-07,68,133.93
SKU207,2025-12-14,112,142.6
SKU207,2025-12-21,182,128.12
SKU207,2025-12-28,121,134.46
SKU207,2026-01-04,65,129.56
SKU208,2025-10-19,154,143.93
SKU208,2025-10-26,167,148.52
SKU208,2025-11-02,126,139.68
SKU208,2025-11-09,134,144.03
SKU208,2025-11-16,162,135.18
SKU208,2025-11-23,154,126.49
SKU208,2025-11-30,122,136.19
SKU208,2025-12-07,156,148.36
SKU208,2025-12-14,159,143.44
SKU208,2025-12-21,152,151.0
SKU208,2025-12-28,164,150.91
SKU208,2026-01-04,68,134.54
SKU209,2025-10-19,164,143.3
SKU209,2025-10-26,172,128.48
SKU209,2025-11-02,136,131.91
SKU209,2025-11-09,124,137.1
SKU209,2025-11-16,143,144.47
SKU209,2025-11-23,152,140.75
SKU209,2025-11-30,159,146.34
SKU209,2025-12-07,172,136.87
SKU209,2025-12-14,171,146.55
SKU209,2025-12-21,137,136.39
SKU209,2025-12-28,103,150.47
SKU209,2026-01-04,62,145.94
SKU210,2025-10-19,122,141.28
SKU210,2025-10-26,179,153.69
SKU210,2025-11-02,187,138.58
SKU210,2025-11-09,116,134.62
SKU210,2025-11-16,147,128.29
SKU210,2025-11-23,185,150.72
SKU210,2025-11-30,159,142.33
SKU210,2025-12-07,162,146.76
SKU210,2025-12-14,167,144.29
SKU210,2025-12-21,146,148.49
SKU210,2025-12-28,137,138.0
SKU210,2026-01-04,59,141.54
SKU211,2025-10-19,156,147.6
SKU211,2025-10-26,120,145.24
SKU211,2025-11-02,177,138.71
SKU211,2025-11-09,113,149.2
SKU211,2025-11-16,185,142.81
SKU211,2025-11-23,153,130.31
SKU211,2025-11-30,105,131.94
SKU211,2025-12-07,143,138.5
SKU211,2025-12-14,153,142.17
SKU211,2025-12-21,153,141.9
SKU211,2025-12-28,113,146.54
SKU211,2026-01-04,74,142.29
SKU212,2025-10-19,142,124.94
SKU212,2025-10-26,181,139.6
SKU212,2025-11-02,145,144.53
SKU212,2025-11-09,121,146.59
SKU212,2025-11-16,171,142.69
SKU212,2025-11-23,109,150.52
SKU212,2025-11-30,137,134.785
SKU212,2025-12-07,149,163.23
SKU212,2025-12-14,150,146.06
SKU212,2025-12-21,191,142.2
SKU212,2025-12-28,140,144.58
SKU212,2026-01-04,89,147.27
SKU213,2025-10-19,175,145.72
SKU213,2025-10-26,141,140.66
SKU213,2025-11-02,106,132.58
SKU213,2025-11-09,156,151.85
SKU213,2025-11-16,140,138.57
SKU213,2025-11-23,114,145.99
SKU213,2025-11-30,180,125.67
SKU213,2025-12-07,161,122.57
SKU213,2025-12-14,130,137.36
SKU213,2025-12-21,130,137.2
SKU213,2025-12-28,111,135.85
SKU213,2026-01-04,49,135.13
SKU214,2025-10-19,126,154.05
SKU214,2025-10-26,123,136.43
SKU214,2025-11-02,142,146.48
SKU214,2025-11-09,93,131.21
SKU214,2025-11-16,90,140.1
SKU214,2025-11-23,192,133.75
SKU214,2025-11-30,116,130.72
SKU214,2025-12-07,115,124.27
SKU214,2025-12-14,98,132.7
SKU214,2025-12-21,118,144.85
SKU214,2025-12-28,141,136.81
SKU214,2026-01-04,75,159.0
SKU215,2025-10-19,144,132.7
SKU215,2025-10-26,188,129.64
SKU215,2025-11-02,146,149.54
SKU215,2025-11-09,87,133.28
SKU215,2025-11-16,163,142.36
SKU215,2025-11-23,172,143.03
SKU215,2025-11-30,155,135.33
SKU215,2025-12-07,163,144.51
SKU215,2025-12-14,143,134.49
SKU215,2025-12-21,143,133.27
SKU215,2025-12-28,149,143.35
SKU215,2026-01-04,55,141.36
SKU216,2025-10-19,143,131.56
SKU216,2025-10-26,133,148.38
SKU216,2025-11-02,169,132.66
SKU216,2025-11-09,125,132.03
SKU216,2025-11-16,142,143.63
SKU216,2025-11-23,122,142.95
SKU216,2025-11-30,111,132.92
SKU216,2025-12-07,138,131.53
SKU216,2025-12-14,156,134.64
SKU216,2025-12-21,102,142.99
SKU216,2025-12-28,198,148.78
SKU216,2026-01-04,78,137.96
SKU217,2025-10-19,140,143.85
SKU217,2025-10-26,140,128.34
SKU217,2025-11-02,143,150.04
SKU217,2025-11-09,86,131.7
SKU217,2025-11-16,146,140.14
SKU217,2025-11-23,177,139.99
SKU217,2025-11-30,169,150.82
SKU217,2025-12-07,106,144.26
SKU217,2025-12-14,131,140.77
SKU217,2025-12-21,114,144.76
SKU217,2025-12-28,145,142.75
SKU217,2026-01-04,28,136.47
SKU218,2025-10-19,141,152.58
SKU218,2025-10-26,157,135.09
SKU218,2025-11-02,137,125.32
SKU218,2025-11-09,128,136.24
SKU218,2025-11-16,123,142.8
SKU218,2025-11-23,146,148.81
SKU218,2025-11-30,144,142.03
SKU218,2025-12-07,120,135.84
SKU218,2025-12-14,192,137.94
SKU218,2025-12-21,150,136.67
SKU218,2025-12-28,146,138.13
SKU218,2026-01-04,36,144.97
SKU219,2025-10-19,107,138.32
SKU219,2025-10-26,134,145.29
SKU219,2025-11-02,160,144.89
SKU219,2025-11-09,170,139.79
SKU219,2025-11-16,168,163.17
SKU219,2025-11-23,112,130.51
SKU219,2025-11-30,130,149.17
SKU219,2025-12-07,161,136.62
SKU219,2025-12-14,181,138.72
SKU219,2025-12-21,162,139.97
SKU219,2025-12-28,125,129.0
SKU219,2026-01-04,71,144.19
SKU220,2025-10-19,111,142.96
SKU220,2025-10-26,140,142.68
SKU220,2025-11-02,130,146.14
SKU220,2025-11-09,126,142.89
SKU220,2025-11-16,170,142.21
SKU220,2025-11-23,143,145.13
SKU220,2025-11-30,149,150.27
SKU220,2025-12-07,96,143.6
SKU220,2025-12-14,142,144.48
SKU220,2025-12-21,192,144.93
SKU220,2025-12-28,147,143.13
SKU220,2026-01-04,55,119.49
SKU221,2025-10-19,144,149.74
SKU221,2025-10-26,136,144.06
SKU221,2025-11-02,148,136.58
SKU221,2025-11-09,175,130.32
SKU221,2025-11-16,189,145.6
SKU221,2025-11-23,153,126.79
SKU221,2025-11-30,146,136.06
SKU221,2025-12-07,172,135.61
SKU221,2025-12-14,119,148.49
SKU221,2025-12-21,88,144.83
SKU221,2025-12-28,172,139.46
SKU221,2026-01-04,77,126.89
SKU222,2025-10-19,164,140.28
SKU222,2025-10-26,136,124.76
SKU222,2025-11-02,186,140.21
SKU222,2025-11-09,90,135.87
SKU222,2025-11-16,113,119.5
SKU222,2025-11-23,116,156.37
SKU222,2025-11-30,119,137.19
SKU222,2025-12-07,159,145.37
SKU222,2025-12-14,149,141.26
SKU222,2025-12-21,85,140.94
SKU222,2025-12-28,150,137.8
SKU222,2026-01-04,72,139.35
SKU223,2025-10-19,171,152.51
SKU223,2025-10-26,149,138.44
SKU223,2025-11-02,134,137.71
SKU223,2025-11-09,168,145.81
SKU223,2025-11-16,147,145.96
SKU223,2025-11-23,142,140.57
SKU223,2025-11-30,126,148.3
SKU223,2025-12-07,145,137.48
SKU223,2025-12-14,184,142.64
SKU223,2025-12-21,81,140.98
SKU223,2025-12-28,171,141.95
SKU223,2026-01-04,80,135.51
SKU224,2025-10-19,147,133.98
SKU224,2025-10-26,128,138.94
SKU224,2025-11-02,124,132.48
SKU224,2025-11-09,127,148.58
SKU224,2025-11-16,161,144.94
SKU224,2025-11-23,144,127.1
SKU224,2025-11-30,109,132.46
SKU224,2025-12-07,106,134.86
SKU224,2025-12-14,110,129.54
SKU224,2025-12-21,132,140.46
SKU224,2025-12-28,92,151.47
SKU224,2026-01-04,56,142.26
SKU225,2025-10-19,138,142.2
SKU225,2025-10-26,120,142.63
SKU225,2025-11-02,116,129.88
SKU225,2025-11-09,132,129.96
SKU225,2025-11-16,203,148.88
SKU225,2025-11-23,153,131.13
SKU225,2025-11-30,128,140.54
SKU225,2025-12-07,144,132.04
SKU225,2025-12-14,119,146.02
SKU225,2025-12-21,167,147.42
SKU225,2025-12-28,110,131.39
SKU225,2026-01-04,77,132.76
SKU226,2025-10-19,147,140.83
SKU226,2025-10-26,142,143.29
SKU226,2025-11-02,130,152.13
SKU226,2025-11-09,160,138.68
SKU226,2025-11-16,116,143.9
SKU226,2025-11-23,151,151.68
SKU226,2025-11-30,169,145.08
SKU226,2025-12-07,102,147.37
SKU226,2025-12-14,146,132.53
SKU226,2025-12-21,188,139.18
SKU226,2025-12-28,150,142.28
SKU226,2026-01-04,58,133.92
SKU227,2025-10-19,158,137.08
SKU227,2025-10-26,148,143.83
SKU227,2025-11-02,110,150.93
SKU227,2025-11-09,129,152.88
SKU227,2025-11-16,140,138.91
SKU227,2025-11-23,95,145.98
SKU227,2025-11-30,149,141.02
SKU227,2025-12-07,118,135.62
SKU227,2025-12-14,108,135.21
SKU227,2025-12-21,150,128.76
SKU227,2025-12-28,120,142.87
SKU227,2026-01-04,57,136.62
SKU228,2025-10-19,141,143.49
SKU228,2025-10-26,185,144.26
SKU228,2025-11-02,102,139.96
SKU228,2025-11-09,128,146.58
SKU228,2025-11-16,179,151.5
SKU228,2025-11-23,121,133.9
SKU228,2025-11-30,163,136.92
SKU228,2025-12-07,139,130.77
SKU228,2025-12-14,158,148.58
SKU228,2025-12-21,98,139.87
SKU228,2025-12-28,128,135.28
SKU228,2026-01-04,65,137.55
SKU229,2025-10-19,128,141.59
SKU229,2025-10-26,94,140.94
SKU229,2025-11-02,111,144.88
SKU229,2025-11-09,109,151.94
SKU229,2025-11-16,125,131.33
SKU229,2025-11-23,129,134.37
SKU229,2025-11-30,117,151.47
SKU229,2025-12-07,133,144.07
SKU229,2025-12-14,127,146.99
SKU229,2025-12-21,144,139.46
SKU229,2025-12-28,177,133.69
SKU229,2026-01-04,68,132.39
SKU230,2025-10-19,94,133.97
SKU230,2025-10-26,122,128.22
SKU230,2025-11-02,100,150.49
SKU230,2025-11-09,174,144.55
SKU230,2025-11-16,161,137.62
SKU230,2025-11-23,137,135.4
SKU230,2025-11-30,134,133.69
SKU230,2025-12-07,197,137.12
SKU230,2025-12-14,131,138.29
SKU230,2025-12-21,106,136.1
SKU230,2025-12-28,125,143.99
SKU230,2026-01-04,28,138.43
SKU231,2025-10-19,124,136.41
SKU231,2025-10-26,109,151.33
SKU231,2025-11-02,100,136.77
SKU231,2025-11-09,108,137.15
SKU231,2025-11-16,132,125.0
SKU231,2025-11-23,122,130.67
SKU231,2025-11-30,170,140.62
SKU231,2025-12-07,140,145.4
SKU231,2025-12-14,134,145.66
SKU231,2025-12-21,101,146.38
SKU231,2025-12-28,143,140.57
SKU231,2026-01-04,56,138.69
SKU232,2025-10-19,142,138.4
SKU232,2025-10-26,142,137.71
SKU232,2025-11-02,124,148.03
SKU232,2025-11-09,164,141.01
SKU232,2025-11-16,138,124.31
SKU232,2025-11-23,170,139.17
SKU232,2025-11-30,126,143.78
SKU232,2025-12-07,136,138.49
SKU232,2025-12-14,148,132.68
SKU232,2025-12-21,139,139.06
SKU232,2025-12-28,150,141.03
SKU232,2026-01-04,62,130.79
SKU233,2025-10-19,128,145.88
SKU233,2025-10-26,167,136.35
SKU233,2025-11-02,118,139.39
SKU233,2025-11-09,106,126.05
SKU233,2025-11-16,182,134.27
SKU233,2025-11-23,136,132.49
SKU233,2025-11-30,172,133.84
SKU233,2025-12-07,136,145.01
SKU233,2025-12-14,142,133.74
SKU233,2025-12-21,116,140.63
SKU233,2025-12-28,207,122.94
SKU233,2026-01-04,51,140.86
SKU234,2025-10-19,151,145.04
SKU234,2025-10-26,118,144.87
SKU234,2025-11-02,133,131.33
SKU234,2025-11-09,146,135.94
SKU234,2025-11-16,125,132.7
SKU234,2025-11-23,95,145.46
SKU234,2025-11-30,147,144.27
SKU234,2025-12-07,112,146.92
SKU234,2025-12-14,156,150.5
SKU234,2025-12-21,103,134.35
SKU234,2025-12-28,163,133.75
SKU234,2026-01-04,76,147.3
SKU235,2025-10-19,155,138.18
SKU235,2025-10-26,143,139.22
SKU235,2025-11-02,137,144.98
SKU235,2025-11-09,134,139.79
SKU235,2025-11-16,112,137.68
SKU235,2025-11-23,126,137.14
SKU235,2025-11-30,153,134.68
SKU235,2025-12-07,168,151.27
SKU235,2025-12-14,130,139.91
SKU235,2025-12-21,129,138.62
SKU235,2025-12-28,100,133.27
SKU235,2026-01-04,73,141.56
SKU236,2025-10-19,156,135.77
SKU236,2025-10-26,154,121.41
SKU236,2025-11-02,156,145.99
SKU236,2025-11-09,175,149.68
SKU236,2025-11-16,151,149.81
SKU236,2025-11-23,160,145.3
SKU236,2025-11-30,119,132.04
SKU236,2025-12-07,155,129.84
SKU236,2025-12-14,130,144.33
SKU236,2025-12-21,117,139.23
SKU236,2025-12-28,152,132.52
SKU236,2026-01-04,69,145.63
SKU237,2025-10-19,164,134.43
SKU237,2025-10-26,124,138.43
SKU237,2025-11-02,113,145.89
SKU237,2025-11-09,143,146.59
SKU237,2025-11-16,129,127.1
SKU237,2025-11-23,151,137.495
SKU237,2025-11-30,140,139.68
SKU237,2025-12-07,159,145.43
SKU237,2025-12-14,142,147.77
SKU237,2025-12-21,163,134.67
SKU237,2025-12-28,153,130.54
SKU237,2026-01-04,52,134.27
SKU238,2025-10-19,129,148.56
SKU238,2025-10-26,161,136.02
SKU238,2025-11-02,142,129.19
SKU238,2025-11-09,145,137.13
SKU238,2025-11-16,141,140.98
SKU238,2025-11-23,156,137.01
SKU238,2025-11-30,174,145.43
SKU238,2025-12-07,123,142.37
SKU238,2025-12-14,144,140.53
SKU238,2025-12-21,110,137.11
SKU238,2025-12-28,156,141.39
SKU238,2026-01-04,65,130.33
SKU239,2025-10-19,166,130.14
SKU239,2025-10-26,140,141.19
SKU239,2025-11-02,137,136.0
SKU239,2025-11-09,160,147.9
SKU239,2025-11-16,136,147.28
SKU239,2025-11-23,171,139.81
SKU239,2025-11-30,143,141.17
SKU239,2025-12-07,112,130.84
SKU239,2025-12-14,116,141.31
SKU239,2025-12-21,192,135.51
SKU239,2025-12-28,130,132.56
SKU239,2026-01-04,57,145.78
SKU240,2025-10-19,126,141.92
SKU240,2025-10-26,100,147.37
SKU240,2025-11-02,147,129.93
SKU240,2025-11-09,133,135.61
SKU240,2025-11-16,162,140.58
SKU240,2025-11-23,128,141.34
SKU240,2025-11-30,162,141.39
SKU240,2025-12-07,144,133.54
SKU240,2025-12-14,164,152.31
SKU240,2025-12-21,172,148.97
SKU240,2025-12-28,147,127.33
SKU240,2026-01-04,63,142.16
SKU241,2025-10-19,112,137.52
SKU241,2025-10-26,140,141.03
SKU241,2025-11-02,151,145.76
SKU241,2025-11-09,162,148.56
SKU241,2025-11-16,133,134.63
SKU241,2025-11-23,157,154.8
SKU241,2025-11-30,131,132.3
SKU241,2025-12-07,172,132.4
SKU241,2025-12-14,144,133.77
SKU241,2025-12-21,197,139.69
SKU241,2025-12-28,117,147.73
SKU241,2026-01-04,48,138.43
SKU242,2025-10-19,152,139.23
SKU242,2025-10-26,147,137.63
SKU242,2025-11-02,112,131.69
SKU242,2025-11-09,131,140.22
SKU242,2025-11-16,152,150.16
SKU242,2025-11-23,146,141.13
SKU242,2025-11-30,153,153.46
SKU242,2025-12-07,119,132.75
SKU242,2025-12-14,103,145.25
SKU242,2025-12-21,141,121.66
SKU242,2025-12-28,163,133.61
SKU242,2026-01-04,40,136.57
SKU243,2025-10-19,174,139.94
SKU243,2025-10-26,144,141.94
SKU243,2025-11-02,127,141.51
SKU243,2025-11-09,137,140.83
SKU243,2025-11-16,152,139.07
SKU243,2025-11-23,123,133.37
SKU243,2025-11-30,178,132.79
SKU243,2025-12-07,166,143.8
SKU243,2025-12-14,124,141.84
SKU243,2025-12-21,165,135.59
SKU243,2025-12-28,139,129.45
SKU243,2026-01-04,63,134.66
SKU244,2025-10-19,132,149.21
SKU244,2025-10-26,136,150.04
SKU244,2025-11-02,140,140.14
SKU244,2025-11-09,109,145.36
SKU244,2025-11-16,149,120.02
SKU244,2025-11-23,126,147.82
SKU244,2025-11-30,124,134.63
SKU244,2025-12-07,152,137.5
SKU244,2025-12-14,137,146.21
SKU244,2025-12-21,185,137.74
SKU244,2025-12-28,166,145.68
SKU244,2026-01-04,35,125.2
SKU245,2025-10-19,152,139.08
SKU245,2025-10-26,166,139.89
SKU245,2025-11-02,142,137.51
SKU245,2025-11-09,138,133.97
SKU245,2025-11-16,114,151.97
SKU245,2025-11-23,128,143.93
SKU245,2025-11-30,117,130.11
SKU245,2025-12-07,128,137.32
SKU245,2025-12-14,67,140.71
SKU245,2025-12-21,122,145.94
SKU245,2025-12-28,128,142.83
SKU245,2026-01-04,79,141.7
SKU246,2025-10-19,117,147.71
SKU246,2025-10-26,138,131.16
SKU246,2025-11-02,136,139.67
SKU246,2025-11-09,125,129.38
SKU246,2025-11-16,144,139.63
SKU246,2025-11-23,102,131.66
SKU246,2025-11-30,131,130.48
SKU246,2025-12-07,139,139.3
SKU246,2025-12-14,129,136.55
SKU246,2025-12-21,121,135.39
SKU246,2025-12-28,144,135.63
SKU246,2026-01-04,73,135.67
SKU247,2025-10-19,116,143.21
SKU247,2025-10-26,140,142.38
SKU247,2025-11-02,107,141.91
SKU247,2025-11-09,169,134.69
SKU247,2025-11-16,133,148.06
SKU247,2025-11-23,130,149.99
SKU247,2025-11-30,178,129.1
SKU247,2025-12-07,150,141.37
SKU247,2025-12-14,130,144.55
SKU247,2025-12-21,159,138.87
SKU247,2025-12-28,136,143.92
SKU247,2026-01-04,71,141.6
SKU248,2025-10-19,110,144.08
SKU248,2025-10-26,119,142.96
SKU248,2025-11-02,126,143.61
SKU248,2025-11-09,127,143.49
SKU248,2025-11-16,147,153.51
SKU248,2025-11-23,154,143.9
SKU248,2025-11-30,158,129.95
SKU248,2025-12-07,130,142.16
SKU248,2025-12-14,94,146.15
SKU248,2025-12-21,103,142.28
SKU248,2025-12-28,132,129.01
SKU248,2026-01-04,52,141.26
SKU249,2025-10-19,146,134.27
SKU249,2025-10-26,154,133.4
SKU249,2025-11-02,143,144.72
SKU249,2025-11-09,169,141.79
SKU249,2025-11-16,149,147.65
SKU249,2025-11-23,170,139.38
SKU249,2025-11-30,103,142.05
SKU249,2025-12-07,137,141.27
SKU249,2025-12-14,161,132.77
SKU249,2025-12-21,130,139.8
SKU249,2025-12-28,145,133.14
SKU249,2026-01-04,51,138.57
SKU250,2025-10-19,140,136.79
SKU250,2025-10-26,127,136.41
SKU250,2025-11-02,137,140.47
SKU250,2025-11-09,156,149.76
SKU250,2025-11-16,146,124.34
SKU250,2025-11-23,145,144.72
SKU250,2025-11-30,166,138.43
SKU250,2025-12-07,159,132.36
SKU250,2025-12-14,151,138.52
SKU250,2025-12-21,108,131.18
SKU250,2025-12-28,117,139.47
SKU250,2026-01-04,59,147.82
SKU251,2025-10-19,124,121.83
SKU251,2025-10-26,172,141.89
SKU251,2025-11-02,135,150.77
SKU251,2025-11-09,150,131.29
SKU251,2025-11-16,153,139.19
SKU251,2025-11-23,171,145.37
SKU251,2025-11-30,160,133.57
SKU251,2025-12-07,141,114.9
SKU251,2025-12-14,140,138.75
SKU251,2025-12-21,155,154.62
SKU251,2025-12-28,144,137.13
SKU251,2026-01-04,65,140.26
SKU252,2025-10-19,154,143.51
SKU252,2025-10-26,115,139.96
SKU252,2025-11-02,145,145.22
SKU252,2025-11-09,167,128.93
SKU252,2025-11-16,182,136.0
SKU252,2025-11-23,89,148.52
SKU252,2025-11-30,103,136.97
SKU252,2025-12-07,111,147.11
SKU252,2025-12-14,180,137.15
SKU252,2025-12-21,142,132.33
SKU252,2025-12-28,110,138.61
SKU252,2026-01-04,54,137.38
SKU253,2025-10-19,134,133.05
SKU253,2025-10-26,147,130.24
SKU253,2025-11-02,141,140.84
SKU253,2025-11-09,173,146.68
SKU253,2025-11-16,164,135.75
SKU253,2025-11-23,166,127.43
SKU253,2025-11-30,136,139.5
SKU253,2025-12-07,160,146.69
SKU253,2025-12-14,109,129.24
SKU253,2025-12-21,169,143.09
SKU253,2025-12-28,130,145.04
SKU253,2026-01-04,68,130.03
SKU254,2025-10-19,110,145.98
SKU254,2025-10-26,134,138.44
SKU254,2025-11-02,103,144.47
SKU254,2025-11-09,163,129.42
SKU254,2025-11-16,130,139.19
SKU254,2025-11-23,160,136.29
SKU254,2025-11-30,154,140.11
SKU254,2025-12-07,142,139.62
SKU254,2025-12-14,132,134.54
SKU254,2025-12-21,160,136.43
SKU254,2025-12-28,147,139.76
SKU254,2026-01-04,52,159.37
SKU255,2025-10-19,155,130.13
SKU255,2025-10-26,96,144.14
SKU255,2025-11-02,138,137.76
SKU255,2025-11-09,132,150.04
SKU255,2025-11-16,158,147.27
SKU255,2025-11-23,145,139.03
SKU255,2025-11-30,96,137.51
SKU255,2025-12-07,127,136.87
SKU255,2025-12-14,153,129.63
SKU255,2025-12-21,160,142.89
SKU255,2025-12-28,152,136.63
SKU255,2026-01-04,77,135.64
SKU256,2025-10-19,165,126.82
SKU256,2025-10-26,99,130.47
SKU256,2025-11-02,139,139.82
SKU256,2025-11-09,122,134.52
SKU256,2025-11-16,134,162.02
SKU256,2025-11-23,135,133.3
SKU256,2025-11-30,167,144.79
SKU256,2025-12-07,162,136.34
SKU256,2025-12-14,154,151.62
SKU256,2025-12-21,158,166.3
SKU256,2025-12-28,159,146.97
SKU256,2026-01-04,68,152.53
SKU257,2025-10-19,124,141.67
SKU257,2025-10-26,152,140.24
SKU257,2025-11-02,173,144.27
SKU257,2025-11-09,139,148.27
SKU257,2025-11-16,168,137.1
SKU257,2025-11-23,141,139.22
SKU257,2025-11-30,182,140.57
SKU257,2025-12-07,120,133.22
SKU257,2025-12-14,145,159.72
SKU257,2025-12-21,114,134.83
SKU257,2025-12-28,137,148.16
SKU257,2026-01-04,76,123.83
SKU258,2025-10-19,172,136.12
SKU258,2025-10-26,149,130.54
SKU258,2025-11-02,183,140.96
SKU258,2025-11-09,108,137.08
SKU258,2025-11-16,118,150.33
SKU258,2025-11-23,100,142.32
SKU258,2025-11-30,119,141.33
SKU258,2025-12-07,161,140.54
SKU258,2025-12-14,131,135.63
SKU258,2025-12-21,130,142.87
SKU258,2025-12-28,173,141.35
SKU258,2026-01-04,52,126.92
SKU259,2025-10-19,121,144.45
SKU259,2025-10-26,137,143.75
SKU259,2025-11-02,162,137.68
SKU259,2025-11-09,163,134.85
SKU259,2025-11-16,133,144.75
SKU259,2025-11-23,93,154.71
SKU259,2025-11-30,162,144.8
SKU259,2025-12-07,193,137.96
SKU259,2025-12-14,117,137.02
SKU259,2025-12-21,102,143.45
SKU259,2025-12-28,178,135.91
SKU259,2026-01-04,58,135.64
SKU260,2025-10-19,119,154.55
SKU260,2025-10-26,159,139.49
SKU260,2025-11-02,91,139.91
SKU260,2025-11-09,132,139.55
SKU260,2025-11-16,134,144.42
SKU260,2025-11-23,127,144.37
SKU260,2025-11-30,125,137.39
SKU260,2025-12-07,163,153.95
SKU260,2025-12-14,174,138.31
SKU260,2025-12-21,165,133.98
SKU260,2025-12-28,143,143.81
SKU260,2026-01-04,74,134.57
SKU261,2025-10-19,168,145.21
SKU261,2025-10-26,147,151.0
SKU261,2025-11-02,171,136.5
SKU261,2025-11-09,158,134.65
SKU261,2025-11-16,145,145.24
SKU261,2025-11-23,117,138.9
SKU261,2025-11-30,177,140.56
SKU261,2025-12-07,171,142.31
SKU261,2025-12-14,128,143.45
SKU261,2025-12-21,141,143.68
SKU261,2025-12-28,128,137.8
SKU261,2026-01-04,49,123.31
SKU262,2025-10-19,154,136.2
SKU262,2025-10-26,168,142.78
SKU262,2025-11-02,122,148.68
SKU262,2025-11-09,136,143.03
SKU262,2025-11-16,141,144.34
SKU262,2025-11-23,157,133.75
SKU262,2025-11-30,123,125.19
SKU262,2025-12-07,146,143.91
SKU262,2025-12-14,139,138.38
SKU262,2025-12-21,114,127.86
SKU262,2025-12-28,164,139.98
SKU262,2026-01-04,64,137.29
SKU263,2025-10-19,160,136.76
SKU263,2025-10-26,162,135.84
SKU263,2025-11-02,168,143.08
SKU263,2025-11-09,150,148.02
SKU263,2025-11-16,176,138.36
SKU263,2025-11-23,116,128.05
SKU263,2025-11-30,143,137.01
SKU263,2025-12-07,126,130.72
SKU263,2025-12-14,123,126.74
SKU263,2025-12-21,169,143.11
SKU263,2025-12-28,109,143.99
SKU263,2026-01-04,84,138.03
SKU264,2025-10-19,119,145.41
SKU264,2025-10-26,185,136.27
SKU264,2025-11-02,123,129.85
SKU264,2025-11-09,116,138.57
SKU264,2025-11-16,121,130.23
SKU264,2025-11-23,111,141.72
SKU264,2025-11-30,94,140.2
SKU264,2025-12-07,116,135.92
SKU264,2025-12-14,147,141.65
SKU264,2025-12-21,126,157.14
SKU264,2025-12-28,187,157.23
SKU264,2026-01-04,65,139.0
SKU265,2025-10-19,144,128.25
SKU265,2025-10-26,149,137.93
SKU265,2025-11-02,190,136.07
SKU265,2025-11-09,139,151.13
SKU265,2025-11-16,157,142.0
SKU265,2025-11-23,97,132.21
SKU265,2025-11-30,114,142.87
SKU265,2025-12-07,162,156.42
SKU265,2025-12-14,126,155.48
SKU265,2025-12-21,111,139.46
SKU265,2025-12-28,162,147.6
SKU265,2026-01-04,66,125.57
SKU266,2025-10-19,124,133.68
SKU266,2025-10-26,157,146.53
SKU266,2025-11-02,134,143.44
SKU266,2025-11-09,154,140.56
SKU266,2025-11-16,133,135.17
SKU266,2025-11-23,172,140.26
SKU266,2025-11-30,93,125.34
SKU266,2025-12-07,140,146.84
SKU266,2025-12-14,165,146.72
SKU266,2025-12-21,129,138.23
SKU266,2025-12-28,161,157.46
SKU266,2026-01-04,74,141.95
SKU267,2025-10-19,146,127.46
SKU267,2025-10-26,111,151.92
SKU267,2025-11-02,116,135.06
SKU267,2025-11-09,101,144.42
SKU267,2025-11-16,155,140.84
SKU267,2025-11-23,132,135.66
SKU267,2025-11-30,162,138.21
SKU267,2025-12-07,152,132.55
SKU267,2025-12-14,137,135.79
SKU267,2025-12-21,204,131.6
SKU267,2025-12-28,107,138.63
SKU267,2026-01-04,65,142.08
SKU268,2025-10-19,137,145.49
SKU268,2025-10-26,179,143.58
SKU268,2025-11-02,146,149.62
SKU268,2025-11-09,135,147.91
SKU268,2025-11-16,157,144.64
SKU268,2025-11-23,149,138.19
SKU268,2025-11-30,90,143.77
SKU268,2025-12-07,144,145.28
SKU268,2025-12-14,140,129.32
SKU268,2025-12-21,154,129.23
SKU268,2025-12-28,99,151.83
SKU268,2026-01-04,61,136.36
SKU269,2025-10-19,165,145.89
SKU269,2025-10-26,129,140.35
SKU269,2025-11-02,174,139.34
SKU269,2025-11-09,106,146.7
SKU269,2025-11-16,144,128.37
SKU269,2025-11-23,153,148.87
SKU269,2025-11-30,157,138.48
SKU269,2025-12-07,120,141.56
SKU269,2025-12-14,115,148.01
SKU269,2025-12-21,159,151.45
SKU269,2025-12-28,161,135.24
SKU269,2026-01-04,77,143.31
SKU270,2025-10-19,146,132.32
SKU270,2025-10-26,133,127.58
SKU270,2025-11-02,141,148.24
SKU270,2025-11-09,131,138.33
SKU270,2025-11-16,161,147.03
SKU270,2025-11-23,129,142.59
SKU270,2025-11-30,112,142.91
SKU270,2025-12-07,140,149.33
SKU270,2025-12-14,177,139.29
SKU270,2025-12-21,102,136.69
SKU270,2025-12-28,142,139.16
SKU270,2026-01-04,72,150.53
SKU271,2025-10-19,144,142.42
SKU271,2025-10-26,130,140.34
SKU271,2025-11-02,122,149.4
SKU271,2025-11-09,156,141.92
SKU271,2025-11-16,121,144.63
SKU271,2025-11-23,171,146.4
SKU271,2025-11-30,135,133.96
SKU271,2025-12-07,122,129.55
SKU271,2025-12-14,128,138.76
SKU271,2025-12-21,174,147.33
SKU271,2025-12-28,158,146.22
SKU271,2026-01-04,33,121.22
SKU272,2025-10-19,162,141.75
SKU272,2025-10-26,130,137.8
SKU272,2025-11-02,131,143.28
SKU272,2025-11-09,126,131.08
SKU272,2025-11-16,122,144.97
SKU272,2025-11-23,130,142.83
SKU272,2025-11-30,152,150.34
SKU272,2025-12-07,104,140.51
SKU272,2025-12-14,131,140.43
SKU272,2025-12-21,124,130.15
SKU272,2025-12-28,154,141.8
SKU272,2026-01-04,68,131.75
SKU273,2025-10-19,138,141.2
SKU273,2025-10-26,136,146.088
SKU273,2025-11-02,110,140.28
SKU273,2025-11-09,167,152.01
SKU273,2025-11-16,136,141.6
SKU273,2025-11-23,142,133.56
SKU273,2025-11-30,151,158.16
SKU273,2025-12-07,157,130.43
SKU273,2025-12-14,110,144.69
SKU273,2025-12-21,120,146.36
SKU273,2025-12-28,148,147.56
SKU273,2026-01-04,78,134.2
SKU274,2025-10-19,117,141.79
SKU274,2025-10-26,152,145.92
SKU274,2025-11-02,158,136.86
SKU274,2025-11-09,122,138.48
SKU274,2025-11-16,114,147.27
SKU274,2025-11-23,168,150.69
SKU274,2025-11-30,136,145.19
SKU274,2025-12-07,133,133.54
SKU274,2025-12-14,179,133.27
SKU274,2025-12-21,105,139.91
SKU274,2025-12-28,185,139.89
SKU274,2026-01-04,50,144.62
SKU275,2025-10-19,117,142.8
SKU275,2025-10-26,102,148.69
SKU275,2025-11-02,102,142.14
SKU275,2025-11-09,146,153.76
SKU275,2025-11-16,138,145.45
SKU275,2025-11-23,161,144.05
SKU275,2025-11-30,157,136.8
SKU275,2025-12-07,192,148.02
SKU275,2025-12-14,166,142.42
SKU275,2025-12-21,109,144.63
SKU275,2025-12-28,142,137.81
SKU275,2026-01-04,61,140.53
SKU276,2025-10-19,85,135.4
SKU276,2025-10-26,160,144.42
SKU276,2025-11-02,157,141.34
SKU276,2025-11-09,141,136.14
SKU276,2025-11-16,154,138.91
SKU276,2025-11-23,117,141.7
SKU276,2025-11-30,134,139.88
SKU276,2025-12-07,115,149.5
SKU276,2025-12-14,87,139.33
SKU276,2025-12-21,122,145.84
SKU276,2025-12-28,109,133.55
SKU276,2026-01-04,72,138.36
SKU277,2025-10-19,142,141.45
SKU277,2025-10-26,150,142.53
SKU277,2025-11-02,118,128.27
SKU277,2025-11-09,114,140.06
SKU277,2025-11-16,98,146.14
SKU277,2025-11-23,163,127.99
SKU277,2025-11-30,139,140.71
SKU277,2025-12-07,173,137.74
SKU277,2025-12-14,138,140.09
SKU277,2025-12-21,141,139.41
SKU277,2025-12-28,152,134.19
SKU277,2026-01-04,40,138.0
SKU278,2025-10-19,132,138.04
SKU278,2025-10-26,126,138.36
SKU278,2025-11-02,155,144.88
SKU278,2025-11-09,131,120.06
SKU278,2025-11-16,145,146.89
SKU278,2025-11-23,128,140.13
SKU278,2025-11-30,118,137.56
SKU278,2025-12-07,129,143.0
SKU278,2025-12-14,133,129.65
SKU278,2025-12-21,174,132.68
SKU278,2025-12-28,159,137.23
SKU278,2026-01-04,67,134.78
SKU279,2025-10-19,175,139.55
SKU279,2025-10-26,128,149.09
SKU279,2025-11-02,191,137.8
SKU279,2025-11-09,141,135.19
SKU279,2025-11-16,123,136.93
SKU279,2025-11-23,151,136.85
SKU279,2025-11-30,166,145.97
SKU279,2025-12-07,135,145.89
SKU279,2025-12-14,137,131.65
SKU279,2025-12-21,149,128.14
SKU279,2025-12-28,148,144.33
SKU279,2026-01-04,74,142.01
SKU280,2025-10-19,142,138.95
SKU280,2025-10-26,164,139.58
SKU280,2025-11-02,143,138.91
SKU280,2025-11-09,150,128.4
SKU280,2025-11-16,109,150.54
SKU280,2025-11-23,148,153.05
SKU280,2025-11-30,86,148.18
SKU280,2025-12-07,161,145.18
SKU280,2025-12-14,111,136.09
SKU280,2025-12-21,130,135.95
SKU280,2025-12-28,128,135.38
SKU280,2026-01-04,61,136.63
SKU281,2025-10-19,158,136.16
SKU281,2025-10-26,143,139.63
SKU281,2025-11-02,176,150.53
SKU281,2025-11-09,123,135.66
SKU281,2025-11-16,94,145.18
SKU281,2025-11-23,143,143.95
SKU281,2025-11-30,142,136.32
SKU281,2025-12-07,160,134.26
SKU281,2025-12-14,115,119.66
SKU281,2025-12-21,131,152.27
SKU281,2025-12-28,128,134.47
SKU281,2026-01-04,61,141.74
SKU282,2025-10-19,159,133.04
SKU282,2025-10-26,132,136.9
SKU282,2025-11-02,155,137.9
SKU282,2025-11-09,119,140.67
SKU282,2025-11-16,184,142.38
SKU282,2025-11-23,116,157.34
SKU282,2025-11-30,139,132.95
SKU282,2025-12-07,131,138.02
SKU282,2025-12-14,143,140.33
SKU282,2025-12-21,134,146.75
SKU282,2025-12-28,124,139.49571428571429
SKU282,2026-01-04,39,134.42
SKU283,2025-10-19,131,138.87
SKU283,2025-10-26,104,137.24
SKU283,2025-11-02,149,133.77
SKU283,2025-11-09,142,143.3
SKU283,2025-11-16,152,145.74
SKU283,2025-11-23,129,128.05
SKU283,2025-11-30,128,128.07
SKU283,2025-12-07,176,141.47
SKU283,2025-12-14,129,137.01
SKU283,2025-12-21,161,141.35
SKU283,2025-12-28,162,144.78
SKU283,2026-01-04,73,138.82
SKU284,2025-10-19,193,127.69
SKU284,2025-10-26,157,138.99
SKU284,2025-11-02,147,129.03
SKU284,2025-11-09,154,150.68
SKU284,2025-11-16,118,143.62
SKU284,2025-11-23,169,127.56
SKU284,2025-11-30,138,142.53
SKU284,2025-12-07,117,137.77
SKU284,2025-12-14,118,147.21
SKU284,2025-12-21,103,133.16
SKU284,2025-12-28,158,138.54
SKU284,2026-01-04,68,143.66
SKU285,2025-10-19,113,143.94
SKU285,2025-10-26,136,136.05
SKU285,2025-11-02,163,150.12
SKU285,2025-11-09,165,133.05
SKU285,2025-11-16,147,144.59
SKU285,2025-11-23,162,139.58
SKU285,2025-11-30,185,137.46
SKU285,2025-12-07,135,147.57
SKU285,2025-12-14,118,138.25
SKU285,2025-12-21,158,141.75
SKU285,2025-12-28,152,127.22
SKU285,2026-01-04,69,141.15
SKU286,2025-10-19,151,133.07
SKU286,2025-10-26,173,130.46
SKU286,2025-11-02,95,135.98
SKU286,2025-11-09,140,138.95
SKU286,2025-11-16,141,132.9
SKU286,2025-11-23,120,151.56
SKU286,2025-11-30,95,146.49
SKU286,2025-12-07,189,143.39
SKU286,2025-12-14,154,135.51
SKU286,2025-12-21,156,140.36
SKU286,2025-12-28,169,150.48
SKU286,2026-01-04,56,134.37
SKU287,2025-10-19,130,138.53
SKU287,2025-10-26,128,131.92
SKU287,2025-11-02,150,134.54
SKU287,2025-11-09,132,132.15
SKU287,2025-11-16,105,147.24
SKU287,2025-11-23,125,141.82
SKU287,2025-11-30,144,143.52
SKU287,2025-12-07,140,135.85
SKU287,2025-12-14,180,136.25
SKU287,2025-12-21,148,140.27
SKU287,2025-12-28,179,147.11
SKU287,2026-01-04,73,135.94
SKU288,2025-10-19,155,130.45666666666665
SKU288,2025-10-26,115,146.84
SKU288,2025-11-02,167,137.53
SKU288,2025-11-09,74,138.21
SKU288,2025-11-16,173,139.76
SKU288,2025-11-23,152,147.54
SKU288,2025-11-30,191,128.96
SKU288,2025-12-07,176,140.42
SKU288,2025-12-14,162,147.02
SKU288,2025-12-21,186,154.38
SKU288,2025-12-28,146,138.28
SKU288,2026-01-04,70,137.46
SKU289,2025-10-19,175,141.89
SKU289,2025-10-26,164,136.32
SKU289,2025-11-02,115,141.96
SKU289,2025-11-09,153,145.48
SKU289,2025-11-16,131,135.72
SKU289,2025-11-23,134,141.94
SKU289,2025-11-30,168,143.61
SKU289,2025-12-07,118,135.7
SKU289,2025-12-14,123,134.51
SKU289,2025-12-21,169,142.35
SKU289,2025-12-28,144,141.53
SKU289,2026-01-04,53,137.51
SKU290,2025-10-19,136,136.45
SKU290,2025-10-26,122,141.19
SKU290,2025-11-02,127,133.22
SKU290,2025-11-09,109,136.77
SKU290,2025-11-16,125,133.42
SKU290,2025-11-23,110,141.07
SKU290,2025-11-30,111,138.83
SKU290,2025-12-07,121,140.91
SKU290,2025-12-14,179,140.93
SKU290,2025-12-21,117,143.34
SKU290,2025-12-28,131,133.98
SKU290,2026-01-04,65,135.94
SKU291,2025-10-19,138,125.37
SKU291,2025-10-26,134,145.25
SKU291,2025-11-02,107,132.03
SKU291,2025-11-09,155,136.44
SKU291,2025-11-16,164,134.34
SKU291,2025-11-23,114,130.37
SKU291,2025-11-30,148,138.48
SKU291,2025-12-07,160,140.87
SKU291,2025-12-14,167,136.44
SKU291,2025-12-21,152,136.42
SKU291,2025-12-28,121,133.28
SKU291,2026-01-04,38,148.46
SKU292,2025-10-19,113,138.48
SKU292,2025-10-26,160,131.35
SKU292,2025-11-02,139,135.67
SKU292,2025-11-09,56,141.86
SKU292,2025-11-16,135,140.31
SKU292,2025-11-23,138,133.6
SKU292,2025-11-30,64,153.09
SKU292,2025-12-07,150,149.13
SKU292,2025-12-14,104,140.22
SKU292,2025-12-21,148,139.04
SKU292,2025-12-28,123,136.34
SKU292,2026-01-04,70,130.15
SKU293,2025-10-19,131,142.72
SKU293,2025-10-26,166,138.73
SKU293,2025-11-02,139,135.92
SKU293,2025-11-09,117,135.8
SKU293,2025-11-16,155,139.26
SKU293,2025-11-23,143,138.84
SKU293,2025-11-30,114,143.42
SKU293,2025-12-07,133,128.77
SKU293,2025-12-14,142,142.89
SKU293,2025-12-21,140,141.58
SKU293,2025-12-28,188,144.33
SKU293,2026-01-04,62,141.33
SKU294,2025-10-19,111,137.7433333333333
SKU294,2025-10-26,133,138.66
SKU294,2025-11-02,109,142.16
SKU294,2025-11-09,179,134.0
SKU294,2025-11-16,192,135.48
SKU294,2025-11-23,191,135.53
SKU294,2025-11-30,144,134.1
SKU294,2025-12-07,133,126.76
SKU294,2025-12-14,106,135.32
SKU294,2025-12-21,123,132.86
SKU294,2025-12-28,167,140.68
SKU294,2026-01-04,54,149.9
SKU295,2025-10-19,185,126.65
SKU295,2025-10-26,117,140.84
SKU295,2025-11-02,142,141.47
SKU295,2025-11-09,161,141.45
SKU295,2025-11-16,147,139.94
SKU295,2025-11-23,129,138.44
SKU295,2025-11-30,144,124.08
SKU295,2025-12-07,143,135.92
SKU295,2025-12-14,125,147.13
SKU295,2025-12-21,145,150.18
SKU295,2025-12-28,165,128.92
SKU295,2026-01-04,76,145.26
SKU296,2025-10-19,153,142.26
SKU296,2025-10-26,140,137.85
SKU296,2025-11-02,174,127.49
SKU296,2025-11-09,162,135.09
SKU296,2025-11-16,137,144.23
SKU296,2025-11-23,102,142.1
SKU296,2025-11-30,113,140.02
SKU296,2025-12-07,140,141.615
SKU296,2025-12-14,164,139.71
SKU296,2025-12-21,189,139.02
SKU296,2025-12-28,144,146.65
SKU296,2026-01-04,83,137.86
SKU297,2025-10-19,137,126.73
SKU297,2025-10-26,138,138.44
SKU297,2025-11-02,122,142.69
SKU297,2025-11-09,183,137.66
SKU297,2025-11-16,149,143.05
SKU297,2025-11-23,84,140.64
SKU297,2025-11-30,128,132.23
SKU297,2025-12-07,151,138.97
SKU297,2025-12-14,137,135.58
SKU297,2025-12-21,162,134.98
SKU297,2025-12-28,194,149.06
SKU297,2026-01-04,55,143.09
SKU298,2025-10-19,149,145.04
SKU298,2025-10-26,130,140.03
SKU298,2025-11-02,119,138.78
SKU298,2025-11-09,185,136.9
SKU298,2025-11-16,111,128.57
SKU298,2025-11-23,158,138.07
SKU298,2025-11-30,157,129.37
SKU298,2025-12-07,103,130.08
SKU298,2025-12-14,138,138.89
SKU298,2025-12-21,141,143.75
SKU298,2025-12-28,111,129.75
SKU298,2026-01-04,28,132.81
SKU299,2025-10-19,134,158.21
SKU299,2025-10-26,130,144.43
SKU299,2025-11-02,169,131.87
SKU299,2025-11-09,125,143.37
SKU299,2025-11-16,99,143.83
SKU299,2025-11-23,147,144.47
SKU299,2025-11-30,175,139.12
SKU299,2025-12-07,132,142.93
SKU299,2025-12-14,155,145.39
SKU299,2025-12-21,126,124.98
SKU299,2025-12-28,140,142.489
SKU299,2026-01-04,59,128.61
SKU300,2025-10-19,158,132.06
SKU300,2025-10-26,122,135.54
SKU300,2025-11-02,163,140.88
SKU300,2025-11-09,117,137.38
SKU300,2025-11-16,164,139.4
SKU300,2025-11-23,147,149.57
SKU300,2025-11-30,150,143.83
SKU300,2025-12-07,178,149.25
SKU300,2025-12-14,89,128.64
SKU300,2025-12-21,106,128.95
SKU300,2025-12-28,131,140.31
SKU300,2026-01-04,49,118.1
SKU301,2025-10-19,137,138.03
SKU301,2025-10-26,159,136.99
SKU301,2025-11-02,148,129.42
SKU301,2025-11-09,170,139.08
SKU301,2025-11-16,150,143.39
SKU301,2025-11-23,151,133.05
SKU301,2025-11-30,128,137.83
SKU301,2025-12-07,164,128.9
SKU301,2025-12-14,154,153.68
SKU301,2025-12-21,131,148.44
SKU301,2025-12-28,117,145.49
SKU301,2026-01-04,71,141.9
SKU302,2025-10-19,137,141.51
SKU302,2025-10-26,127,139.54
SKU302,2025-11-02,164,132.41
SKU302,2025-11-09,146,144.51
SKU302,2025-11-16,124,148.11
SKU302,2025-11-23,170,135.06
SKU302,2025-11-30,151,155.23
SKU302,2025-12-07,150,139.85
SKU302,2025-12-14,185,143.1
SKU302,2025-12-21,125,126.03
SKU302,2025-12-28,137,147.46
SKU302,2026-01-04,54,134.57
SKU303,2025-10-19,139,134.43
SKU303,2025-10-26,132,133.77
SKU303,2025-11-02,137,134.18
SKU303,2025-11-09,143,140.01
SKU303,2025-11-16,93,126.49
SKU303,2025-11-23,167,144.34
SKU303,2025-11-30,132,142.17
SKU303,2025-12-07,137,142.02
SKU303,2025-12-14,186,135.33
SKU303,2025-12-21,141,135.34
SKU303,2025-12-28,140,134.02
SKU303,2026-01-04,82,133.64
SKU304,2025-10-19,121,139.1
SKU304,2025-10-26,100,127.27
SKU304,2025-11-02,202,154.91
SKU304,2025-11-09,137,124.0
SKU304,2025-11-16,145,137.15
SKU304,2025-11-23,159,128.8
SKU304,2025-11-30,164,145.47
SKU304,2025-12-07,158,164.26
SKU304,2025-12-14,106,139.11
SKU304,2025-12-21,156,123.97
SKU304,2025-12-28,101,145.23
SKU304,2026-01-04,57,125.73
SKU305,2025-10-19,138,133.38
SKU305,2025-10-26,167,135.47
SKU305,2025-11-02,141,134.08
SKU305,2025-11-09,141,132.57
SKU305,2025-11-16,137,144.62
SKU305,2025-11-23,148,138.0
SKU305,2025-11-30,166,128.55
SKU305,2025-12-07,153,147.58
SKU305,2025-12-14,124,135.84
SKU305,2025-12-21,149,142.92
SKU305,2025-12-28,126,136.61
SKU305,2026-01-04,49,128.07
SKU306,2025-10-19,162,139.69
SKU306,2025-10-26,177,137.4
SKU306,2025-11-02,133,135.31
SKU306,2025-11-09,160,146.6
SKU306,2025-11-16,119,145.22
SKU306,2025-11-23,152,142.33
SKU306,2025-11-30,113,144.99
SKU306,2025-12-07,103,131.08
SKU306,2025-12-14,137,144.71
SKU306,2025-12-21,135,138.37
SKU306,2025-12-28,152,127.16
SKU306,2026-01-04,63,136.89
SKU307,2025-10-19,125,141.69
SKU307,2025-10-26,153,142.85
SKU307,2025-11-02,160,145.5
SKU307,2025-11-09,114,162.17
SKU307,2025-11-16,148,153.14
SKU307,2025-11-23,141,140.06
SKU307,2025-11-30,157,132.45
SKU307,2025-12-07,149,137.41
SKU307,2025-12-14,159,153.57
SKU307,2025-12-21,134,136.15
SKU307,2025-12-28,141,134.24
SKU307,2026-01-04,50,141.445
SKU308,2025-10-19,138,142.02
SKU308,2025-10-26,147,140.41
SKU308,2025-11-02,166,150.79
SKU308,2025-11-09,169,142.07
SKU308,2025-11-16,123,134.63
SKU308,2025-11-23,150,132.83
SKU308,2025-11-30,142,142.34
SKU308,2025-12-07,144,132.63
SKU308,2025-12-14,130,140.11
SKU308,2025-12-21,132,148.51
SKU308,2025-12-28,175,129.35
SKU308,2026-01-04,85,139.27
SKU309,2025-10-19,108,140.82
SKU309,2025-10-26,154,141.52
SKU309,2025-11-02,136,143.06
SKU309,2025-11-09,128,148.73
SKU309,2025-11-16,140,136.7
SKU309,2025-11-23,167,125.08
SKU309,2025-11-30,138,138.78
SKU309,2025-12-07,154,147.19
SKU309,2025-12-14,143,146.49
SKU309,2025-12-21,148,131.53
SKU309,2025-12-28,172,150.05
SKU309,2026-01-04,64,143.11
SKU310,2025-10-19,156,141.56
SKU310,2025-10-26,127,134.67
SKU310,2025-11-02,125,144.96
SKU310,2025-11-09,185,136.58
SKU310,2025-11-16,118,125.13
SKU310,2025-11-23,159,134.12
SKU310,2025-11-30,178,135.5
SKU310,2025-12-07,107,144.45
SKU310,2025-12-14,100,143.93
SKU310,2025-12-21,141,143.42
SKU310,2025-12-28,124,134.9
SKU310,2026-01-04,66,140.63
SKU311,2025-10-19,147,132.55
SKU311,2025-10-26,142,144.2
SKU311,2025-11-02,145,149.08
SKU311,2025-11-09,114,148.05
SKU311,2025-11-16,138,144.14
SKU311,2025-11-23,133,143.11
SKU311,2025-11-30,165,120.64
SKU311,2025-12-07,155,132.19
SKU311,2025-12-14,162,136.92
SKU311,2025-12-21,143,144.28
SKU311,2025-12-28,134,142.36
SKU311,2026-01-04,69,129.64
SKU312,2025-10-19,141,124.47
SKU312,2025-10-26,135,147.37
SKU312,2025-11-02,127,132.14
SKU312,2025-11-09,137,154.06
SKU312,2025-11-16,108,155.02
SKU312,2025-11-23,153,142.32
SKU312,2025-11-30,137,155.52
SKU312,2025-12-07,164,145.18
SKU312,2025-12-14,135,132.48
SKU312,2025-12-21,134,139.08
SKU312,2025-12-28,145,152.69
SKU312,2026-01-04,73,144.18
SKU313,2025-10-19,110,135.65
SKU313,2025-10-26,153,131.58
SKU313,2025-11-02,110,140.24
SKU313,2025-11-09,96,146.12
SKU313,2025-11-16,127,138.99
SKU313,2025-11-23,145,140.94
SKU313,2025-11-30,156,141.38
SKU313,2025-12-07,103,140.15
SKU313,2025-12-14,161,141.11
SKU313,2025-12-21,159,149.21
SKU313,2025-12-28,139,140.11
SKU313,2026-01-04,33,147.17
SKU314,2025-10-19,145,140.49
SKU314,2025-10-26,172,138.43
SKU314,2025-11-02,125,145.9
SKU314,2025-11-09,163,146.94
SKU314,2025-11-16,164,127.93
SKU314,2025-11-23,185,147.47
SKU314,2025-11-30,170,137.54
SKU314,2025-12-07,159,149.39
SKU314,2025-12-14,96,145.06
SKU314,2025-12-21,107,135.93
SKU314,2025-12-28,148,146.56
SKU314,2026-01-04,44,135.26
SKU315,2025-10-19,146,144.53
SKU315,2025-10-26,162,147.7
SKU315,2025-11-02,115,133.55
SKU315,2025-11-09,128,130.65
SKU315,2025-11-16,113,154.0
SKU315,2025-11-23,134,139.09
SKU315,2025-11-30,138,140.25
SKU315,2025-12-07,170,130.79
SKU315,2025-12-14,104,142.39
SKU315,2025-12-21,173,135.54
SKU315,2025-12-28,167,146.83
SKU315,2026-01-04,57,144.23
SKU316,2025-10-19,146,141.15
SKU316,2025-10-26,169,137.78
SKU316,2025-11-02,129,135.8
SKU316,2025-11-09,144,149.96
SKU316,2025-11-16,159,142.43
SKU316,2025-11-23,172,140.38
SKU316,2025-11-30,99,137.36
SKU316,2025-12-07,149,138.76
SKU316,2025-12-14,132,136.55
SKU316,2025-12-21,128,142.55
SKU316,2025-12-28,142,140.02
SKU316,2026-01-04,69,134.74
SKU317,2025-10-19,134,158.66
SKU317,2025-10-26,145,136.01
SKU317,2025-11-02,163,134.44
SKU317,2025-11-09,150,135.27
SKU317,2025-11-16,155,142.85
SKU317,2025-11-23,142,138.41
SKU317,2025-11-30,168,133.39
SKU317,2025-12-07,118,134.35
SKU317,2025-12-14,177,134.3
SKU317,2025-12-21,195,148.72
SKU317,2025-12-28,113,134.48
SKU317,2026-01-04,49,136.76
SKU318,2025-10-19,112,133.12
SKU318,2025-10-26,158,134.01
SKU318,2025-11-02,147,135.38
SKU318,2025-11-09,165,138.13
SKU318,2025-11-16,157,140.84
SKU318,2025-11-23,163,128.96
SKU318,2025-11-30,141,151.35
SKU318,2025-12-07,151,139.92
SKU318,2025-12-14,147,155.75
SKU318,2025-12-21,133,144.82
SKU318,2025-12-28,149,140.435
SKU318,2026-01-04,71,150.26
SKU319,2025-10-19,201,147.84
SKU319,2025-10-26,125,144.64
SKU319,2025-11-02,182,149.95
SKU319,2025-11-09,147,129.97
SKU319,2025-11-16,134,143.59
SKU319,2025-11-23,135,143.8
SKU319,2025-11-30,184,136.76
SKU319,2025-12-07,152,138.42
SKU319,2025-12-14,123,127.89
SKU319,2025-12-21,128,137.91
SKU319,2025-12-28,170,138.63
SKU319,2026-01-04,46,141.04
SKU320,2025-10-19,160,135.92
SKU320,2025-10-26,144,138.3
SKU320,2025-11-02,162,145.28
SKU320,2025-11-09,109,143.71
SKU320,2025-11-16,96,136.79
SKU320,2025-11-23,128,140.38
SKU320,2025-11-30,192,145.98
SKU320,2025-12-07,105,127.07
SKU320,2025-12-14,123,139.0
SKU320,2025-12-21,217,146.52
SKU320,2025-12-28,135,147.2
SKU320,2026-01-04,54,126.31
SKU321,2025-10-19,114,143.99
SKU321,2025-10-26,132,135.79
SKU321,2025-11-02,114,143.46
SKU321,2025-11-09,167,142.42
SKU321,2025-11-16,120,158.66
SKU321,2025-11-23,150,127.0
SKU321,2025-11-30,169,143.05
SKU321,2025-12-07,139,146.59
SKU321,2025-12-14,110,143.6
SKU321,2025-12-21,138,147.59
SKU321,2025-12-28,142,141.02
SKU321,2026-01-04,54,142.45
SKU322,2025-10-19,145,142.3
SKU322,2025-10-26,162,140.18
SKU322,2025-11-02,129,133.19
SKU322,2025-11-09,151,133.74
SKU322,2025-11-16,104,133.31
SKU322,2025-11-23,128,142.45
SKU322,2025-11-30,132,139.87
SKU322,2025-12-07,101,133.3
SKU322,2025-12-14,167,143.21
SKU322,2025-12-21,124,141.83
SKU322,2025-12-28,148,138.12
SKU322,2026-01-04,43,144.37
SKU323,2025-10-19,156,141.87
SKU323,2025-10-26,94,131.17
SKU323,2025-11-02,188,142.65
SKU323,2025-11-09,123,131.29
SKU323,2025-11-16,126,136.36
SKU323,2025-11-23,130,142.7
SKU323,2025-11-30,125,143.83
SKU323,2025-12-07,174,144.09
SKU323,2025-12-14,148,126.15
SKU323,2025-12-21,126,152.59
SKU323,2025-12-28,160,136.45
SKU323,2026-01-04,77,155.4
SKU324,2025-10-19,110,147.22
SKU324,2025-10-26,129,138.95
SKU324,2025-11-02,150,145.76
SKU324,2025-11-09,137,143.91
SKU324,2025-11-16,120,152.1
SKU324,2025-11-23,127,141.01
SKU324,2025-11-30,162,136.15
SKU324,2025-12-07,187,150.64
SKU324,2025-12-14,166,134.74
SKU324,2025-12-21,155,132.65
SKU324,2025-12-28,184,141.28
SKU324,2026-01-04,51,136.44
SKU325,2025-10-19,129,144.1
SKU325,2025-10-26,148,134.18
SKU325,2025-11-02,178,136.79
SKU325,2025-11-09,124,134.38
SKU325,2025-11-16,137,144.68
SKU325,2025-11-23,137,127.9
SKU325,2025-11-30,131,145.0
SKU325,2025-12-07,150,131.64
SKU325,2025-12-14,142,143.38
SKU325,2025-12-21,129,127.29
SKU325,2025-12-28,139,132.59
SKU325,2026-01-04,65,141.41
SKU326,2025-10-19,177,143.59
SKU326,2025-10-26,158,144.78
SKU326,2025-11-02,166,142.0
SKU326,2025-11-09,116,147.1
SKU326,2025-11-16,93,128.94
SKU326,2025-11-23,173,128.18
SKU326,2025-11-30,163,141.47
SKU326,2025-12-07,166,139.56
SKU326,2025-12-14,141,136.67
SKU326,2025-12-21,112,137.35
SKU326,2025-12-28,164,132.14
SKU326,2026-01-04,65,147.93
SKU327,2025-10-19,103,148.05
SKU327,2025-10-26,138,138.07
SKU327,2025-11-02,114,140.96
SKU327,2025-11-09,91,132.18
SKU327,2025-11-16,132,130.42
SKU327,2025-11-23,142,141.38
SKU327,2025-11-30,153,148.02
SKU327,2025-12-07,118,145.65
SKU327,2025-12-14,148,142.86
SKU327,2025-12-21,162,140.59
SKU327,2025-12-28,152,127.18
SKU327,2026-01-04,59,145.79
SKU328,2025-10-19,139,146.83
SKU328,2025-10-26,127,137.6
SKU328,2025-11-02,144,137.95666666666668
SKU328,2025-11-09,152,144.57
SKU328,2025-11-16,138,135.88
SKU328,2025-11-23,132,136.14
SKU328,2025-11-30,143,158.09
SKU328,2025-12-07,167,149.74
SKU328,2025-12-14,146,139.0
SKU328,2025-12-21,146,142.71
SKU328,2025-12-28,126,135.755
SKU328,2026-01-04,63,133.35
SKU329,2025-10-19,147,139.84
SKU329,2025-10-26,129,136.69
SKU329,2025-11-02,99,136.2
SKU329,2025-11-09,144,139.84
SKU329,2025-11-16,91,150.6
SKU329,2025-11-23,157,141.54
SKU329,2025-11-30,128,125.58
SKU329,2025-12-07,152,136.22
SKU329,2025-12-14,167,148.83
SKU329,2025-12-21,140,120.45
SKU329,2025-12-28,164,142.6
SKU329,2026-01-04,55,124.14
SKU330,2025-10-19,132,136.66
SKU330,2025-10-26,111,141.28
SKU330,2025-11-02,160,138.07
SKU330,2025-11-09,111,141.13
SKU330,2025-11-16,135,135.59
SKU330,2025-11-23,137,142.11
SKU330,2025-11-30,145,138.66
SKU330,2025-12-07,158,136.91
SKU330,2025-12-14,110,143.18
SKU330,2025-12-21,165,136.93
SKU330,2025-12-28,144,126.93
SKU330,2026-01-04,39,137.58
SKU331,2025-10-19,137,135.58
SKU331,2025-10-26,168,144.69
SKU331,2025-11-02,143,143.4
SKU331,2025-11-09,156,140.01
SKU331,2025-11-16,164,135.43
SKU331,2025-11-23,98,124.52
SKU331,2025-11-30,148,144.91
SKU331,2025-12-07,146,137.29
SKU331,2025-12-14,150,136.37
SKU331,2025-12-21,111,133.46
SKU331,2025-12-28,137,141.52
SKU331,2026-01-04,49,150.52
SKU332,2025-10-19,116,148.18
SKU332,2025-10-26,146,154.27
SKU332,2025-11-02,144,143.07
SKU332,2025-11-09,174,139.16
SKU332,2025-11-16,126,132.12
SKU332,2025-11-23,119,129.52
SKU332,2025-11-30,168,136.73
SKU332,2025-12-07,121,136.86
SKU332,2025-12-14,98,130.91
SKU332,2025-12-21,134,131.73
SKU332,2025-12-28,137,152.68
SKU332,2026-01-04,62,138.13
SKU333,2025-10-19,129,143.44
SKU333,2025-10-26,136,141.39
SKU333,2025-11-02,151,137.34
SKU333,2025-11-09,130,142.42
SKU333,2025-11-16,139,136.55
SKU333,2025-11-23,137,137.73
SKU333,2025-11-30,188,139.27
SKU333,2025-12-07,95,150.16
SKU333,2025-12-14,189,136.06
SKU333,2025-12-21,87,143.91
SKU333,2025-12-28,126,145.59
SKU333,2026-01-04,73,141.74
SKU334,2025-10-19,135,130.95
SKU334,2025-10-26,150,137.08
SKU334,2025-11-02,140,151.18
SKU334,2025-11-09,170,134.0
SKU334,2025-11-16,158,139.39
SKU334,2025-11-23,139,128.69
SKU334,2025-11-30,156,136.0
SKU334,2025-12-07,148,134.61
SKU334,2025-12-14,99,141.67
SKU334,2025-12-21,152,147.24
SKU334,2025-12-28,120,141.69
SKU334,2026-01-04,66,150.5
SKU335,2025-10-19,144,131.03
SKU335,2025-10-26,127,131.93
SKU335,2025-11-02,130,137.62
SKU335,2025-11-09,133,140.12
SKU335,2025-11-16,154,137.11
SKU335,2025-11-23,184,145.32
SKU335,2025-11-30,124,149.32
SKU335,2025-12-07,189,146.89
SKU335,2025-12-14,151,132.82
SKU335,2025-12-21,145,144.53
SKU335,2025-12-28,152,145.53
SKU335,2026-01-04,72,145.5
SKU336,2025-10-19,151,134.28
SKU336,2025-10-26,141,147.78
SKU336,2025-11-02,128,140.62
SKU336,2025-11-09,174,133.27
SKU336,2025-11-16,124,139.23
SKU336,2025-11-23,173,131.77
SKU336,2025-11-30,167,146.54
SKU336,2025-12-07,119,148.27
SKU336,2025-12-14,95,142.58
SKU336,2025-12-21,109,149.28
SKU336,2025-12-28,98,139.83
SKU336,2026-01-04,55,131.38
SKU337,2025-10-19,157,145.68
SKU337,2025-10-26,181,146.24
SKU337,2025-11-02,165,140.76
SKU337,2025-11-09,102,142.69
SKU337,2025-11-16,148,142.77
SKU337,2025-11-23,161,131.68
SKU337,2025-11-30,117,144.37
SKU337,2025-12-07,160,134.05
SKU337,2025-12-14,113,135.42
SKU337,2025-12-21,119,140.97
SKU337,2025-12-28,83,147.7
SKU337,2026-01-04,40,138.98
SKU338,2025-10-19,174,145.77
SKU338,2025-10-26,161,142.09
SKU338,2025-11-02,124,147.06
SKU338,2025-11-09,137,142.52
SKU338,2025-11-16,98,141.77
SKU338,2025-11-23,139,128.69
SKU338,2025-11-30,158,135.78
SKU338,2025-12-07,171,138.25
SKU338,2025-12-14,137,142.21
SKU338,2025-12-21,138,148.22
SKU338,2025-12-28,131,144.39
SKU338,2026-01-04,44,142.36
SKU339,2025-10-19,125,145.14
SKU339,2025-10-26,197,136.21
SKU339,2025-11-02,96,134.75
SKU339,2025-11-09,158,132.92
SKU339,2025-11-16,151,143.25
SKU339,2025-11-23,142,134.91
SKU339,2025-11-30,177,133.68
SKU339,2025-12-07,136,141.97
SKU339,2025-12-14,133,141.51
SKU339,2025-12-21,166,150.86
SKU339,2025-12-28,185,146.41
SKU339,2026-01-04,83,140.34
SKU340,2025-10-19,119,139.62
SKU340,2025-10-26,206,148.17
SKU340,2025-11-02,124,147.06
SKU340,2025-11-09,160,154.82
SKU340,2025-11-16,190,135.2
SKU340,2025-11-23,117,152.6
SKU340,2025-11-30,155,135.42
SKU340,2025-12-07,101,140.49
SKU340,2025-12-14,167,137.62
SKU340,2025-12-21,123,151.16
SKU340,2025-12-28,150,134.34
SKU340,2026-01-04,67,141.8
SKU341,2025-10-19,133,145.84
SKU341,2025-10-26,158,145.84
SKU341,2025-11-02,148,148.21
SKU341,2025-11-09,122,132.0
SKU341,2025-11-16,137,124.68
SKU341,2025-11-23,127,131.39
SKU341,2025-11-30,128,138.07
SKU341,2025-12-07,150,140.8
SKU341,2025-12-14,117,147.07
SKU341,2025-12-21,125,138.33
SKU341,2025-12-28,142,131.98
SKU341,2026-01-04,46,130.18
SKU342,2025-10-19,144,135.8
SKU342,2025-10-26,120,144.84
SKU342,2025-11-02,109,150.45
SKU342,2025-11-09,150,154.18
SKU342,2025-11-16,122,139.76
SKU342,2025-11-23,152,146.03
SKU342,2025-11-30,129,144.63
SKU342,2025-12-07,179,136.61
SKU342,2025-12-14,137,134.52
SKU342,2025-12-21,149,132.13
SKU342,2025-12-28,175,140.38
SKU342,2026-01-04,46,143.2
SKU343,2025-10-19,158,159.09
SKU343,2025-10-26,132,131.81
SKU343,2025-11-02,101,134.9
SKU343,2025-11-09,137,142.47
SKU343,2025-11-16,157,142.92
SKU343,2025-11-23,157,132.68
SKU343,2025-11-30,150,140.31
SKU343,2025-12-07,177,144.29
SKU343,2025-12-14,172,140.44
SKU343,2025-12-21,172,131.0
SKU343,2025-12-28,198,135.88
SKU343,2026-01-04,67,151.98
SKU344,2025-10-19,147,140.49
SKU344,2025-10-26,177,137.11
SKU344,2025-11-02,116,141.09
SKU344,2025-11-09,118,144.93
SKU344,2025-11-16,137,163.19
SKU344,2025-11-23,144,143.84
SKU344,2025-11-30,132,131.66
SKU344,2025-12-07,131,123.82
SKU344,2025-12-14,143,136.8
SKU344,2025-12-21,151,130.98
SKU344,2025-12-28,125,142.01
SKU344,2026-01-04,77,145.98
SKU345,2025-10-19,140,139.91
SKU345,2025-10-26,138,140.08
SKU345,2025-11-02,123,144.1
SKU345,2025-11-09,167,152.84
SKU345,2025-11-16,128,133.42
SKU345,2025-11-23,159,148.9
SKU345,2025-11-30,157,129.46
SKU345,2025-12-07,131,144.9
SKU345,2025-12-14,184,153.3
SKU345,2025-12-21,193,132.71
SKU345,2025-12-28,168,147.15
SKU345,2026-01-04,62,137.44
SKU346,2025-10-19,159,137.14
SKU346,2025-10-26,138,142.36
SKU346,2025-11-02,169,150.32
SKU346,2025-11-09,130,143.17
SKU346,2025-11-16,110,140.14
SKU346,2025-11-23,126,145.59
SKU346,2025-11-30,165,132.0
SKU346,2025-12-07,122,152.16
SKU346,2025-12-14,116,136.16
SKU346,2025-12-21,149,138.56
SKU346,2025-12-28,89,136.62
SKU346,2026-01-04,57,141.0
SKU347,2025-10-19,133,142.36
SKU347,2025-10-26,162,143.57
SKU347,2025-11-02,93,134.68
SKU347,2025-11-09,142,150.24
SKU347,2025-11-16,127,143.35
SKU347,2025-11-23,147,136.41
SKU347,2025-11-30,143,131.46
SKU347,2025-12-07,137,135.65
SKU347,2025-12-14,170,145.4
SKU347,2025-12-21,102,136.96
SKU347,2025-12-28,102,146.98
SKU347,2026-01-04,53,137.54
SKU348,2025-10-19,171,137.99
SKU348,2025-10-26,144,139.69
SKU348,2025-11-02,147,132.56
SKU348,2025-11-09,174,151.27
SKU348,2025-11-16,115,139.07
SKU348,2025-11-23,158,136.42
SKU348,2025-11-30,151,144.46
SKU348,2025-12-07,149,140.62
SKU348,2025-12-14,105,147.22
SKU348,2025-12-21,102,138.69
SKU348,2025-12-28,137,133.34
SKU348,2026-01-04,91,135.45
SKU349,2025-10-19,133,132.97
SKU349,2025-10-26,181,143.1533333333333
SKU349,2025-11-02,141,137.58
SKU349,2025-11-09,205,128.86
SKU349,2025-11-16,147,137.39
SKU349,2025-11-23,120,137.81
SKU349,2025-11-30,152,151.75
SKU349,2025-12-07,157,139.76
SKU349,2025-12-14,159,145.03
SKU349,2025-12-21,92,134.18
SKU349,2025-12-28,145,148.94
SKU349,2026-01-04,72,147.57
SKU350,2025-10-19,194,138.76
SKU350,2025-10-26,132,136.44
SKU350,2025-11-02,129,131.61
SKU350,2025-11-09,148,141.54
SKU350,2025-11-16,138,143.03
SKU350,2025-11-23,128,148.36
SKU350,2025-11-30,141,139.82
SKU350,2025-12-07,182,140.63
SKU350,2025-12-14,166,145.93
SKU350,2025-12-21,147,139.18
SKU350,2025-12-28,136,144.23
SKU350,2026-01-04,55,143.07
SKU351,2025-10-19,152,136.13
SKU351,2025-10-26,135,150.46
SKU351,2025-11-02,184,130.44
SKU351,2025-11-09,122,131.1
SKU351,2025-11-16,90,142.3
SKU351,2025-11-23,131,139.12
SKU351,2025-11-30,76,134.15
SKU351,2025-12-07,138,134.87
SKU351,2025-12-14,127,146.48
SKU351,2025-12-21,135,138.0
SKU351,2025-12-28,122,148.99
SKU351,2026-01-04,65,144.85
SKU352,2025-10-19,134,149.83
SKU352,2025-10-26,130,127.95
SKU352,2025-11-02,125,140.41
SKU352,2025-11-09,172,138.55
SKU352,2025-11-16,137,131.82
SKU352,2025-11-23,123,133.99
SKU352,2025-11-30,167,133.65
SKU352,2025-12-07,91,138.0
SKU352,2025-12-14,103,147.56
SKU352,2025-12-21,132,141.86
SKU352,2025-12-28,183,142.38
SKU352,2026-01-04,50,132.38
SKU353,2025-10-19,115,138.53
SKU353,2025-10-26,180,133.25
SKU353,2025-11-02,129,138.42
SKU353,2025-11-09,154,136.9
SKU353,2025-11-16,123,141.85
SKU353,2025-11-23,144,148.47
SKU353,2025-11-30,120,139.94
SKU353,2025-12-07,158,145.47
SKU353,2025-12-14,107,145.08
SKU353,2025-12-21,153,149.75
SKU353,2025-12-28,133,134.13
SKU353,2026-01-04,83,135.29
SKU354,2025-10-19,164,142.01
SKU354,2025-10-26,92,140.9
SKU354,2025-11-02,118,137.41
SKU354,2025-11-09,135,151.98
SKU354,2025-11-16,177,135.86
SKU354,2025-11-23,185,144.39
SKU354,2025-11-30,148,143.19
SKU354,2025-12-07,125,140.79
SKU354,2025-12-14,130,141.3
SKU354,2025-12-21,123,136.24
SKU354,2025-12-28,158,145.9
SKU354,2026-01-04,81,139.2
SKU355,2025-10-19,115,139.68
SKU355,2025-10-26,169,126.17
SKU355,2025-11-02,172,152.8
SKU355,2025-11-09,126,141.85
SKU355,2025-11-16,144,148.38
SKU355,2025-11-23,171,137.79
SKU355,2025-11-30,140,142.83
SKU355,2025-12-07,155,139.12
SKU355,2025-12-14,135,143.3
SKU355,2025-12-21,136,135.91
SKU355,2025-12-28,184,152.73
SKU355,2026-01-04,64,149.68
SKU356,2025-10-19,116,132.33
SKU356,2025-10-26,161,143.8
SKU356,2025-11-02,116,144.47
SKU356,2025-11-09,155,139.4
SKU356,2025-11-16,171,144.16
SKU356,2025-11-23,125,154.95
SKU356,2025-11-30,103,132.39
SKU356,2025-12-07,111,149.61
SKU356,2025-12-14,131,134.88
SKU356,2025-12-21,117,137.2
SKU356,2025-12-28,165,144.75
SKU356,2026-01-04,82,139.14
SKU357,2025-10-19,139,127.68
SKU357,2025-10-26,173,146.03
SKU357,2025-11-02,136,143.11
SKU357,2025-11-09,123,143.45
SKU357,2025-11-16,118,142.16
SKU357,2025-11-23,119,136.22
SKU357,2025-11-30,141,141.47
SKU357,2025-12-07,123,150.05
SKU357,2025-12-14,128,138.12
SKU357,2025-12-21,135,146.26
SKU357,2025-12-28,146,142.72
SKU357,2026-01-04,70,137.25
SKU358,2025-10-19,116,140.01
SKU358,2025-10-26,151,141.39
SKU358,2025-11-02,117,136.87
SKU358,2025-11-09,101,127.38
SKU358,2025-11-16,193,139.37
SKU358,2025-11-23,142,145.1
SKU358,2025-11-30,150,148.74
SKU358,2025-12-07,145,135.65
SKU358,2025-12-14,148,135.37
SKU358,2025-12-21,106,147.97
SKU358,2025-12-28,90,142.05
SKU358,2026-01-04,52,135.11
SKU359,2025-10-19,154,143.28
SKU359,2025-10-26,132,143.57
SKU359,2025-11-02,102,130.37
SKU359,2025-11-09,163,153.2
SKU359,2025-11-16,135,142.23
SKU359,2025-11-23,167,138.0
SKU359,2025-11-30,136,122.15
SKU359,2025-12-07,141,151.25
SKU359,2025-12-14,161,134.73
SKU359,2025-12-21,135,144.15
SKU359,2025-12-28,156,135.81
SKU359,2026-01-04,49,145.75
SKU360,2025-10-19,146,133.74
SKU360,2025-10-26,121,143.79
SKU360,2025-11-02,168,135.79
SKU360,2025-11-09,99,154.67
SKU360,2025-11-16,105,136.23
SKU360,2025-11-23,139,142.74
SKU360,2025-11-30,199,144.27
SKU360,2025-12-07,113,140.47
SKU360,2025-12-14,178,147.73
SKU360,2025-12-21,99,141.74
SKU360,2025-12-28,178,140.82
SKU360,2026-01-04,57,129.73
SKU361,2025-10-19,168,135.08
SKU361,2025-10-26,131,135.57
SKU361,2025-11-02,123,134.81
SKU361,2025-11-09,160,140.4
SKU361,2025-11-16,167,135.54
SKU361,2025-11-23,168,138.02
SKU361,2025-11-30,153,125.95
SKU361,2025-12-07,176,136.57
SKU361,2025-12-14,141,128.45
SKU361,2025-12-21,136,136.51
SKU361,2025-12-28,119,154.74
SKU361,2026-01-04,55,134.23
SKU362,2025-10-19,135,145.47
SKU362,2025-10-26,138,134.23
SKU362,2025-11-02,99,137.99
SKU362,2025-11-09,140,137.72
SKU362,2025-11-16,182,140.74
SKU362,2025-11-23,118,133.11
SKU362,2025-11-30,152,150.13
SKU362,2025-12-07,131,138.52
SKU362,2025-12-14,132,127.43
SKU362,2025-12-21,140,149.36
SKU362,2025-12-28,140,135.59
SKU362,2026-01-04,32,150.53
SKU363,2025-10-19,157,138.19
SKU363,2025-10-26,150,129.62
SKU363,2025-11-02,134,145.98
SKU363,2025-11-09,121,151.06
SKU363,2025-11-16,160,139.88
SKU363,2025-11-23,148,140.64
SKU363,2025-11-30,160,134.04
SKU363,2025-12-07,147,137.88
SKU363,2025-12-14,124,161.31
SKU363,2025-12-21,78,145.29
SKU363,2025-12-28,91,156.22
SKU363,2026-01-04,82,148.01
SKU364,2025-10-19,137,143.4
SKU364,2025-10-26,117,144.44
SKU364,2025-11-02,150,144.99
SKU364,2025-11-09,129,139.43
SKU364,2025-11-16,135,151.83
SKU364,2025-11-23,143,136.84
SKU364,2025-11-30,129,143.5
SKU364,2025-12-07,167,144.27
SKU364,2025-12-14,128,141.34
SKU364,2025-12-21,124,146.97
SKU364,2025-12-28,107,145.52
SKU364,2026-01-04,66,144.88
SKU365,2025-10-19,149,131.24
SKU365,2025-10-26,154,133.9
SKU365,2025-11-02,184,128.66
SKU365,2025-11-09,139,131.91
SKU365,2025-11-16,144,136.87
SKU365,2025-11-23,139,133.49
SKU365,2025-11-30,121,127.82
SKU365,2025-12-07,148,132.48
SKU365,2025-12-14,131,148.45
SKU365,2025-12-21,113,131.99
SKU365,2025-12-28,147,141.55
SKU365,2026-01-04,82,143.65
SKU366,2025-10-19,146,132.92
SKU366,2025-10-26,103,137.11
SKU366,2025-11-02,179,135.2
SKU366,2025-11-09,140,147.57
SKU366,2025-11-16,108,124.37
SKU366,2025-11-23,142,132.01
SKU366,2025-11-30,144,138.74
SKU366,2025-12-07,145,146.3
SKU366,2025-12-14,159,145.67
SKU366,2025-12-21,132,153.01
SKU366,2025-12-28,112,138.5
SKU366,2026-01-04,47,138.76
SKU367,2025-10-19,146,140.66
SKU367,2025-10-26,138,151.88
SKU367,2025-11-02,137,135.528
SKU367,2025-11-09,177,131.22
SKU367,2025-11-16,95,134.39
SKU367,2025-11-23,133,142.22
SKU367,2025-11-30,129,146.0
SKU367,2025-12-07,163,139.63
SKU367,2025-12-14,130,138.58
SKU367,2025-12-21,131,123.5
SKU367,2025-12-28,161,129.07
SKU367,2026-01-04,49,122.26
SKU368,2025-10-19,121,133.66
SKU368,2025-10-26,176,134.67
SKU368,2025-11-02,170,139.89
SKU368,2025-11-09,145,132.24
SKU368,2025-11-16,159,136.76
SKU368,2025-11-23,152,138.92
SKU368,2025-11-30,142,141.16
SKU368,2025-12-07,157,129.56
SKU368,2025-12-14,108,133.37
SKU368,2025-12-21,141,143.09
SKU368,2025-12-28,167,127.34
SKU368,2026-01-04,76,142.22
SKU369,2025-10-19,156,149.62
SKU369,2025-10-26,157,143.13
SKU369,2025-11-02,112,130.21
SKU369,2025-11-09,137,131.74
SKU369,2025-11-16,151,127.81
SKU369,2025-11-23,105,141.55
SKU369,2025-11-30,124,131.66
SKU369,2025-12-07,144,132.96
SKU369,2025-12-14,95,132.89
SKU369,2025-12-21,144,138.51
SKU369,2025-12-28,133,132.55
SKU369,2026-01-04,50,144.54
SKU370,2025-10-19,151,136.98
SKU370,2025-10-26,141,134.14
SKU370,2025-11-02,91,138.54
SKU370,2025-11-09,153,138.06
SKU370,2025-11-16,132,134.4
SKU370,2025-11-23,174,132.77
SKU370,2025-11-30,134,143.65
SKU370,2025-12-07,142,133.87
SKU370,2025-12-14,126,133.38
SKU370,2025-12-21,134,142.44
SKU370,2025-12-28,134,138.15
SKU370,2026-01-04,33,139.04
SKU371,2025-10-19,104,142.99
SKU371,2025-10-26,118,140.87
SKU371,2025-11-02,161,135.89
SKU371,2025-11-09,167,141.02
SKU371,2025-11-16,158,129.11
SKU371,2025-11-23,109,131.16
SKU371,2025-11-30,107,140.79
SKU371,2025-12-07,123,133.1
SKU371,2025-12-14,144,131.69
SKU371,2025-12-21,141,138.2
SKU371,2025-12-28,136,134.48
SKU371,2026-01-04,44,140.19
SKU372,2025-10-19,167,136.12
SKU372,2025-10-26,125,140.91
SKU372,2025-11-02,175,140.27
SKU372,2025-11-09,118,145.0
SKU372,2025-11-16,140,138.74
SKU372,2025-11-23,73,129.62
SKU372,2025-11-30,161,135.15
SKU372,2025-12-07,140,139.5
SKU372,2025-12-14,141,134.85
SKU372,2025-12-21,112,147.79
SKU372,2025-12-28,172,136.07
SKU372,2026-01-04,76,141.38
SKU373,2025-10-19,137,135.56
SKU373,2025-10-26,162,138.33
SKU373,2025-11-02,179,132.71
SKU373,2025-11-09,147,136.24
SKU373,2025-11-16,151,137.37
SKU373,2025-11-23,91,134.03
SKU373,2025-11-30,155,140.57
SKU373,2025-12-07,115,146.44
SKU373,2025-12-14,123,136.57
SKU373,2025-12-21,123,137.31
SKU373,2025-12-28,157,146.22
SKU373,2026-01-04,50,148.87
SKU374,2025-10-19,125,136.22
SKU374,2025-10-26,155,141.58
SKU374,2025-11-02,180,151.39
SKU374,2025-11-09,144,143.15
SKU374,2025-11-16,165,145.95
SKU374,2025-11-23,141,133.19
SKU374,2025-11-30,131,135.41
SKU374,2025-12-07,85,146.92
SKU374,2025-12-14,110,139.36
SKU374,2025-12-21,163,147.41
SKU374,2025-12-28,128,137.08
SKU374,2026-01-04,25,145.58
SKU375,2025-10-19,149,146.02
SKU375,2025-10-26,198,128.93
SKU375,2025-11-02,106,144.6
SKU375,2025-11-09,187,145.31
SKU375,2025-11-16,164,153.12
SKU375,2025-11-23,105,145.4
SKU375,2025-11-30,158,132.21
SKU375,2025-12-07,172,142.93
SKU375,2025-12-14,150,143.53
SKU375,2025-12-21,109,137.14
SKU375,2025-12-28,125,141.33
SKU375,2026-01-04,62,139.52
SKU376,2025-10-19,134,140.8
SKU376,2025-10-26,171,137.3
SKU376,2025-11-02,144,132.33
SKU376,2025-11-09,120,137.27
SKU376,2025-11-16,114,147.99
SKU376,2025-11-23,139,145.16
SKU376,2025-11-30,158,135.58
SKU376,2025-12-07,154,135.62
SKU376,2025-12-14,139,134.42
SKU376,2025-12-21,194,132.72
SKU376,2025-12-28,139,144.01
SKU376,2026-01-04,71,139.65
SKU377,2025-10-19,165,125.08
SKU377,2025-10-26,149,139.58
SKU377,2025-11-02,156,141.22
SKU377,2025-11-09,113,134.37
SKU377,2025-11-16,135,132.465
SKU377,2025-11-23,151,141.84
SKU377,2025-11-30,167,149.5
SKU377,2025-12-07,157,143.88
SKU377,2025-12-14,159,130.34
SKU377,2025-12-21,186,139.94
SKU377,2025-12-28,129,135.4
SKU377,2026-01-04,73,146.76
SKU378,2025-10-19,108,144.14
SKU378,2025-10-26,150,141.77
SKU378,2025-11-02,118,123.53
SKU378,2025-11-09,156,140.14
SKU378,2025-11-16,158,146.95
SKU378,2025-11-23,121,147.32
SKU378,2025-11-30,152,136.79
SKU378,2025-12-07,157,138.76
SKU378,2025-12-14,134,138.4
SKU378,2025-12-21,136,145.69
SKU378,2025-12-28,190,148.06
SKU378,2026-01-04,68,149.38
SKU379,2025-10-19,125,142.63
SKU379,2025-10-26,114,148.72
SKU379,2025-11-02,163,136.17
SKU379,2025-11-09,169,133.76
SKU379,2025-11-16,122,135.32
SKU379,2025-11-23,140,139.94
SKU379,2025-11-30,147,138.3
SKU379,2025-12-07,125,135.37
SKU379,2025-12-14,164,139.32
SKU379,2025-12-21,144,133.39
SKU379,2025-12-28,162,128.07
SKU379,2026-01-04,64,144.71
SKU380,2025-10-19,171,141.57
SKU380,2025-10-26,118,126.92
SKU380,2025-11-02,139,139.07
SKU380,2025-11-09,159,139.74
SKU380,2025-11-16,124,141.03
SKU380,2025-11-23,136,145.63
SKU380,2025-11-30,171,135.48
SKU380,2025-12-07,84,142.46
SKU380,2025-12-14,142,150.95
SKU380,2025-12-21,190,143.24
SKU380,2025-12-28,136,146.06
SKU380,2026-01-04,63,134.43
SKU381,2025-10-19,179,144.88
SKU381,2025-10-26,150,120.27
SKU381,2025-11-02,113,130.78
SKU381,2025-11-09,112,131.17
SKU381,2025-11-16,152,141.26
SKU381,2025-11-23,120,136.22
SKU381,2025-11-30,112,134.21
SKU381,2025-12-07,171,134.38
SKU381,2025-12-14,130,139.89
SKU381,2025-12-21,122,141.39
SKU381,2025-12-28,151,141.22
SKU381,2026-01-04,40,135.58
SKU382,2025-10-19,132,144.21
SKU382,2025-10-26,147,140.51
SKU382,2025-11-02,160,121.85
SKU382,2025-11-09,161,142.23666666666668
SKU382,2025-11-16,159,140.15
SKU382,2025-11-23,133,148.68
SKU382,2025-11-30,168,135.08
SKU382,2025-12-07,170,138.02
SKU382,2025-12-14,112,140.16
SKU382,2025-12-21,166,144.15
SKU382,2025-12-28,93,136.14
SKU382,2026-01-04,54,137.23
SKU383,2025-10-19,132,134.65
SKU383,2025-10-26,154,139.54
SKU383,2025-11-02,160,138.7
SKU383,2025-11-09,161,141.71
SKU383,2025-11-16,163,136.93
SKU383,2025-11-23,142,136.84
SKU383,2025-11-30,185,137.28
SKU383,2025-12-07,150,127.37
SKU383,2025-12-14,130,150.15
SKU383,2025-12-21,147,147.42
SKU383,2025-12-28,159,134.21
SKU383,2026-01-04,95,139.35
SKU384,2025-10-19,85,133.53
SKU384,2025-10-26,123,127.48
SKU384,2025-11-02,184,152.34
SKU384,2025-11-09,173,136.12
SKU384,2025-11-16,129,149.4
SKU384,2025-11-23,136,124.24
SKU384,2025-11-30,153,133.09
SKU384,2025-12-07,143,147.33
SKU384,2025-12-14,151,152.5
SKU384,2025-12-21,137,135.8
SKU384,2025-12-28,125,152.05
SKU384,2026-01-04,49,141.19
SKU385,2025-10-19,114,140.36
SKU385,2025-10-26,142,146.63
SKU385,2025-11-02,139,137.54
SKU385,2025-11-09,160,134.22
SKU385,2025-11-16,147,147.26
SKU385,2025-11-23,154,140.21
SKU385,2025-11-30,123,137.12
SKU385,2025-12-07,162,135.97
SKU385,2025-12-14,157,132.11
SKU385,2025-12-21,117,147.08
SKU385,2025-12-28,134,141.98
SKU385,2026-01-04,72,148.84
SKU386,2025-10-19,149,138.8
SKU386,2025-10-26,142,138.02
SKU386,2025-11-02,125,148.48
SKU386,2025-11-09,158,132.11
SKU386,2025-11-16,120,149.36
SKU386,2025-11-23,131,143.92
SKU386,2025-11-30,110,130.03
SKU386,2025-12-07,137,139.02
SKU386,2025-12-14,129,136.78
SKU386,2025-12-21,165,145.5
SKU386,2025-12-28,171,146.88
SKU386,2026-01-04,54,140.36
SKU387,2025-10-19,149,141.11
SKU387,2025-10-26,152,140.51
SKU387,2025-11-02,155,143.38
SKU387,2025-11-09,150,148.6
SKU387,2025-11-16,151,138.31
SKU387,2025-11-23,146,142.86
SKU387,2025-11-30,147,142.77
SKU387,2025-12-07,149,131.79
SKU387,2025-12-14,143,146.3
SKU387,2025-12-21,135,150.86
SKU387,2025-12-28,145,147.26
SKU387,2026-01-04,44,144.43
SKU388,2025-10-19,83,133.53
SKU388,2025-10-26,126,130.51
SKU388,2025-11-02,128,144.67
SKU388,2025-11-09,131,145.18
SKU388,2025-11-16,187,143.34
SKU388,2025-11-23,129,148.81
SKU388,2025-11-30,155,138.61
SKU388,2025-12-07,141,141.4
SKU388,2025-12-14,121,125.56
SKU388,2025-12-21,122,142.28
SKU388,2025-12-28,147,133.05
SKU388,2026-01-04,77,131.02
SKU389,2025-10-19,120,135.94
SKU389,2025-10-26,145,142.92
SKU389,2025-11-02,97,148.84
SKU389,2025-11-09,129,141.38
SKU389,2025-11-16,151,140.39
SKU389,2025-11-23,131,146.72
SKU389,2025-11-30,139,135.27
SKU389,2025-12-07,153,137.42
SKU389,2025-12-14,108,136.37
SKU389,2025-12-21,108,153.41
SKU389,2025-12-28,141,132.83
SKU389,2026-01-04,45,144.05
SKU390,2025-10-19,125,142.47
SKU390,2025-10-26,185,143.19
SKU390,2025-11-02,144,143.15
SKU390,2025-11-09,151,120.42
SKU390,2025-11-16,165,146.37
SKU390,2025-11-23,119,135.93
SKU390,2025-11-30,180,140.7
SKU390,2025-12-07,97,131.6
SKU390,2025-12-14,98,141.67
SKU390,2025-12-21,111,144.07
SKU390,2025-12-28,133,146.14
SKU390,2026-01-04,70,142.13
SKU391,2025-10-19,163,140.83
SKU391,2025-10-26,123,130.47
SKU391,2025-11-02,119,142.0
SKU391,2025-11-09,129,145.46
SKU391,2025-11-16,140,140.78
SKU391,2025-11-23,157,131.16
SKU391,2025-11-30,131,134.55
SKU391,2025-12-07,136,134.37
SKU391,2025-12-14,108,140.89
SKU391,2025-12-21,152,130.13
SKU391,2025-12-28,98,136.04
SKU391,2026-01-04,47,133.74
SKU392,2025-10-19,142,134.23
SKU392,2025-10-26,134,143.34
SKU392,2025-11-02,160,139.77
SKU392,2025-11-09,179,134.36
SKU392,2025-11-16,142,145.82
SKU392,2025-11-23,161,145.16
SKU392,2025-11-30,128,136.84
SKU392,2025-12-07,138,141.2
SKU392,2025-12-14,134,145.8
SKU392,2025-12-21,127,151.54
SKU392,2025-12-28,158,143.14
SKU392,2026-01-04,77,134.68
SKU393,2025-10-19,148,119.62
SKU393,2025-10-26,135,147.99
SKU393,2025-11-02,154,151.18
SKU393,2025-11-09,127,133.97
SKU393,2025-11-16,179,140.42
SKU393,2025-11-23,142,139.85
SKU393,2025-11-30,151,143.85
SKU393,2025-12-07,154,139.91
SKU393,2025-12-14,156,144.03
SKU393,2025-12-21,136,140.29
SKU393,2025-12-28,131,142.65
SKU393,2026-01-04,74,150.23
SKU394,2025-10-19,132,145.91
SKU394,2025-10-26,163,124.53
SKU394,2025-11-02,149,144.2
SKU394,2025-11-09,118,136.83
SKU394,2025-11-16,135,133.6
SKU394,2025-11-23,127,150.69
SKU394,2025-11-30,136,129.33
SKU394,2025-12-07,168,131.09
SKU394,2025-12-14,168,143.28
SKU394,2025-12-21,117,132.0
SKU394,2025-12-28,148,148.96
SKU394,2026-01-04,72,141.46
SKU395,2025-10-19,104,133.19
SKU395,2025-10-26,152,135.05
SKU395,2025-11-02,151,146.97
SKU395,2025-11-09,135,140.81
SKU395,2025-11-16,154,137.47
SKU395,2025-11-23,143,137.97
SKU395,2025-11-30,158,138.0
SKU395,2025-12-07,135,142.06
SKU395,2025-12-14,111,147.66
SKU395,2025-12-21,112,149.19
SKU395,2025-12-28,142,142.89
SKU395,2026-01-04,34,153.43
SKU396,2025-10-19,162,133.85
SKU396,2025-10-26,164,126.85
SKU396,2025-11-02,101,132.5
SKU396,2025-11-09,145,136.0
SKU396,2025-11-16,141,131.41
SKU396,2025-11-23,151,127.93
SKU396,2025-11-30,116,154.38
SKU396,2025-12-07,167,146.6
SKU396,2025-12-14,139,136.17
SKU396,2025-12-21,107,140.6
SKU396,2025-12-28,110,129.48
SKU396,2026-01-04,71,133.09
SKU397,2025-10-19,142,148.97
SKU397,2025-10-26,161,139.03
SKU397,2025-11-02,140,126.84
SKU397,2025-11-09,105,132.7
SKU397,2025-11-16,126,147.92
SKU397,2025-11-23,127,144.75
SKU397,2025-11-30,152,134.14
SKU397,2025-12-07,110,138.82
SKU397,2025-12-14,115,145.02
SKU397,2025-12-21,114,149.15
SKU397,2025-12-28,107,142.88
SKU397,2026-01-04,69,140.05
SKU398,2025-10-19,148,145.65
SKU398,2025-10-26,158,139.74
SKU398,2025-11-02,136,131.17
SKU398,2025-11-09,201,138.46
SKU398,2025-11-16,186,147.68
SKU398,2025-11-23,131,139.07
SKU398,2025-11-30,163,136.28
SKU398,2025-12-07,159,139.27
SKU398,2025-12-14,132,142.13
SKU398,2025-12-21,190,122.7
SKU398,2025-12-28,134,145.08
SKU398,2026-01-04,44,147.64
SKU399,2025-10-19,116,139.1
SKU399,2025-10-26,102,125.51
SKU399,2025-11-02,113,124.2
SKU399,2025-11-09,178,139.85
SKU399,2025-11-16,142,137.98
SKU399,2025-11-23,121,141.35
SKU399,2025-11-30,138,144.81
SKU399,2025-12-07,170,132.59
SKU399,2025-12-14,128,147.54
SKU399,2025-12-21,156,136.38
SKU399,2025-12-28,104,128.62
SKU399,2026-01-04,77,141.54
SKU400,2025-10-19,144,133.69
SKU400,2025-10-26,163,124.07
SKU400,2025-11-02,97,146.04
SKU400,2025-11-09,170,157.96
SKU400,2025-11-16,183,140.92
SKU400,2025-11-23,147,144.65
SKU400,2025-11-30,103,130.34
SKU400,2025-12-07,133,143.71
SKU400,2025-12-14,139,143.17
SKU400,2025-12-21,146,131.88
SKU400,2025-12-28,167,138.18
SKU400,2026-01-04,62,144.52
SKU401,2025-10-19,162,150.54
SKU401,2025-10-26,114,147.8
SKU401,2025-11-02,181,137.96
SKU401,2025-11-09,125,145.38
SKU401,2025-11-16,153,147.02
SKU401,2025-11-23,137,143.5
SKU401,2025-11-30,131,146.56
SKU401,2025-12-07,138,131.34
SKU401,2025-12-14,127,144.07
SKU401,2025-12-21,113,132.4
SKU401,2025-12-28,154,135.89
SKU401,2026-01-04,54,136.22
SKU402,2025-10-19,178,135.08
SKU402,2025-10-26,145,141.62
SKU402,2025-11-02,112,143.53333333333333
SKU402,2025-11-09,148,134.11
SKU402,2025-11-16,141,138.86
SKU402,2025-11-23,136,139.35
SKU402,2025-11-30,218,145.65
SKU402,2025-12-07,144,132.64
SKU402,2025-12-14,171,148.57
SKU402,2025-12-21,111,128.85
SKU402,2025-12-28,167,145.16
SKU402,2026-01-04,65,144.18
SKU403,2025-10-19,106,125.33
SKU403,2025-10-26,130,131.89
SKU403,2025-11-02,203,139.41
SKU403,2025-11-09,116,120.76
SKU403,2025-11-16,170,149.73
SKU403,2025-11-23,96,146.06
SKU403,2025-11-30,146,150.85
SKU403,2025-12-07,154,149.79
SKU403,2025-12-14,145,138.53
SKU403,2025-12-21,88,133.69
SKU403,2025-12-28,131,133.01
SKU403,2026-01-04,77,136.87
SKU404,2025-10-19,99,140.24
SKU404,2025-10-26,132,135.49
SKU404,2025-11-02,169,137.16
SKU404,2025-11-09,150,135.97
SKU404,2025-11-16,141,143.24
SKU404,2025-11-23,206,139.09
SKU404,2025-11-30,128,143.19
SKU404,2025-12-07,130,136.99
SKU404,2025-12-14,149,135.49
SKU404,2025-12-21,151,142.1
SKU404,2025-12-28,151,139.2
SKU404,2026-01-04,85,154.13
SKU405,2025-10-19,180,149.55
SKU405,2025-10-26,135,132.94
SKU405,2025-11-02,164,139.09
SKU405,2025-11-09,158,147.79
SKU405,2025-11-16,134,140.07
SKU405,2025-11-23,116,129.54
SKU405,2025-11-30,140,146.38
SKU405,2025-12-07,149,143.26
SKU405,2025-12-14,130,153.84
SKU405,2025-12-21,127,140.24
SKU405,2025-12-28,155,132.09
SKU405,2026-01-04,61,138.67
SKU406,2025-10-19,175,136.18
SKU406,2025-10-26,144,122.49
SKU406,2025-11-02,110,127.2
SKU406,2025-11-09,140,144.81
SKU406,2025-11-16,111,140.71
SKU406,2025-11-23,129,141.18
SKU406,2025-11-30,113,141.46
SKU406,2025-12-07,157,147.93
SKU406,2025-12-14,175,129.58
SKU406,2025-12-21,154,137.58
SKU406,2025-12-28,162,139.25
SKU406,2026-01-04,56,142.33
SKU407,2025-10-19,181,133.94
SKU407,2025-10-26,147,149.15
SKU407,2025-11-02,169,144.65
SKU407,2025-11-09,127,139.57
SKU407,2025-11-16,142,137.11
SKU407,2025-11-23,112,137.05
SKU407,2025-11-30,157,141.49
SKU407,2025-12-07,129,128.36
SKU407,2025-12-14,142,140.31
SKU407,2025-12-21,136,135.66
SKU407,2025-12-28,161,141.1
SKU407,2026-01-04,93,131.18
SKU408,2025-10-19,148,140.51
SKU408,2025-10-26,90,146.91
SKU408,2025-11-02,162,147.92
SKU408,2025-11-09,153,135.1
SKU408,2025-11-16,139,139.38
SKU408,2025-11-23,115,141.71
SKU408,2025-11-30,164,140.9
SKU408,2025-12-07,141,145.52
SKU408,2025-12-14,138,140.95
SKU408,2025-12-21,121,160.09
SKU408,2025-12-28,123,140.4
SKU408,2026-01-04,43,140.27
SKU409,2025-10-19,147,141.08
SKU409,2025-10-26,176,137.31
SKU409,2025-11-02,162,143.56
SKU409,2025-11-09,82,138.25
SKU409,2025-11-16,101,133.65
SKU409,2025-11-23,105,142.87
SKU409,2025-11-30,167,141.41
SKU409,2025-12-07,133,145.95
SKU409,2025-12-14,122,139.24
SKU409,2025-12-21,139,150.65
SKU409,2025-12-28,98,139.4
SKU409,2026-01-04,33,131.24
SKU410,2025-10-19,172,120.01
SKU410,2025-10-26,166,128.96
SKU410,2025-11-02,113,143.16
SKU410,2025-11-09,176,140.31
SKU410,2025-11-16,162,143.03
SKU410,2025-11-23,159,132.5
SKU410,2025-11-30,137,136.32
SKU410,2025-12-07,118,144.62
SKU410,2025-12-14,106,130.17
SKU410,2025-12-21,113,140.74
SKU410,2025-12-28,128,129.72
SKU410,2026-01-04,49,143.4
SKU411,2025-10-19,131,134.03
SKU411,2025-10-26,118,136.81
SKU411,2025-11-02,124,128.79
SKU411,2025-11-09,168,128.61
SKU411,2025-11-16,134,135.17
SKU411,2025-11-23,128,120.02
SKU411,2025-11-30,135,125.24
SKU411,2025-12-07,117,133.75
SKU411,2025-12-14,146,145.55
SKU411,2025-12-21,140,148.12
SKU411,2025-12-28,160,129.82
SKU411,2026-01-04,47,133.1
SKU412,2025-10-19,129,146.07
SKU412,2025-10-26,104,141.34
SKU412,2025-11-02,144,147.73
SKU412,2025-11-09,78,134.44
SKU412,2025-11-16,168,144.66
SKU412,2025-11-23,106,135.07
SKU412,2025-11-30,202,145.98
SKU412,2025-12-07,109,149.58
SKU412,2025-12-14,116,142.01
SKU412,2025-12-21,148,138.33
SKU412,2025-12-28,164,148.61
SKU412,2026-01-04,85,142.93
SKU413,2025-10-19,107,136.74
SKU413,2025-10-26,119,127.46
SKU413,2025-11-02,97,146.25
SKU413,2025-11-09,133,136.33
SKU413,2025-11-16,129,138.14
SKU413,2025-11-23,141,140.34
SKU413,2025-11-30,141,148.48
SKU413,2025-12-07,161,144.91
SKU413,2025-12-14,161,143.47
SKU413,2025-12-21,113,141.92
SKU413,2025-12-28,147,144.09
SKU413,2026-01-04,45,142.45
SKU414,2025-10-19,152,129.73
SKU414,2025-10-26,135,140.84
SKU414,2025-11-02,128,141.01
SKU414,2025-11-09,110,142.37
SKU414,2025-11-16,158,131.58
SKU414,2025-11-23,172,133.71
SKU414,2025-11-30,148,121.76
SKU414,2025-12-07,166,142.16
SKU414,2025-12-14,131,134.92
SKU414,2025-12-21,145,144.46
SKU414,2025-12-28,136,143.08
SKU414,2026-01-04,52,133.88
SKU415,2025-10-19,120,141.98
SKU415,2025-10-26,141,138.02
SKU415,2025-11-02,152,136.28
SKU415,2025-11-09,148,148.48
SKU415,2025-11-16,156,146.64
SKU415,2025-11-23,105,150.12
SKU415,2025-11-30,159,142.73
SKU415,2025-12-07,121,132.23
SKU415,2025-12-14,114,114.47
SKU415,2025-12-21,138,136.56
SKU415,2025-12-28,134,144.78
SKU415,2026-01-04,22,139.47
SKU416,2025-10-19,179,139.91
SKU416,2025-10-26,184,134.46
SKU416,2025-11-02,135,142.66
SKU416,2025-11-09,180,144.23
SKU416,2025-11-16,156,138.99
SKU416,2025-11-23,113,137.29
SKU416,2025-11-30,166,141.68
SKU416,2025-12-07,133,152.72
SKU416,2025-12-14,170,137.53
SKU416,2025-12-21,137,139.92
SKU416,2025-12-28,132,121.56
SKU416,2026-01-04,82,142.55
SKU417,2025-10-19,135,141.16
SKU417,2025-10-26,101,136.36
SKU417,2025-11-02,187,137.65
SKU417,2025-11-09,177,145.95
SKU417,2025-11-16,115,125.64
SKU417,2025-11-23,179,140.0
SKU417,2025-11-30,116,147.1
SKU417,2025-12-07,95,130.43
SKU417,2025-12-14,118,161.37
SKU417,2025-12-21,142,147.86
SKU417,2025-12-28,134,153.17
SKU417,2026-01-04,46,142.67
SKU418,2025-10-19,175,142.84
SKU418,2025-10-26,136,140.66
SKU418,2025-11-02,120,137.51
SKU418,2025-11-09,155,136.88
SKU418,2025-11-16,134,138.59
SKU418,2025-11-23,166,138.6
SKU418,2025-11-30,107,145.3
SKU418,2025-12-07,153,137.35
SKU418,2025-12-14,121,150.19
SKU418,2025-12-21,149,142.22
SKU418,2025-12-28,160,144.16
SKU418,2026-01-04,80,131.71
SKU419,2025-10-19,90,148.91
SKU419,2025-10-26,110,136.66
SKU419,2025-11-02,104,137.91
SKU419,2025-11-09,176,137.02
SKU419,2025-11-16,124,142.56
SKU419,2025-11-23,169,143.91
SKU419,2025-11-30,139,142.52
SKU419,2025-12-07,131,132.59
SKU419,2025-12-14,172,138.09
SKU419,2025-12-21,122,141.25
SKU419,2025-12-28,116,147.93
SKU419,2026-01-04,45,153.2
SKU420,2025-10-19,128,137.15
SKU420,2025-10-26,87,142.26
SKU420,2025-11-02,152,143.27
SKU420,2025-11-09,164,136.6
SKU420,2025-11-16,161,135.1
SKU420,2025-11-23,134,131.29
SKU420,2025-11-30,130,143.73
SKU420,2025-12-07,139,139.44
SKU420,2025-12-14,120,141.7
SKU420,2025-12-21,126,142.9
SKU420,2025-12-28,147,135.78
SKU420,2026-01-04,43,145.28
SKU421,2025-10-19,103,145.31
SKU421,2025-10-26,159,148.18
SKU421,2025-11-02,152,134.83
SKU421,2025-11-09,119,139.43
SKU421,2025-11-16,139,151.4
SKU421,2025-11-23,150,133.89
SKU421,2025-11-30,91,134.13
SKU421,2025-12-07,154,146.59
SKU421,2025-12-14,162,123.22
SKU421,2025-12-21,166,134.05
SKU421,2025-12-28,147,157.37
SKU421,2026-01-04,66,138.33
SKU422,2025-10-19,117,139.72
SKU422,2025-10-26,141,136.34
SKU422,2025-11-02,135,130.76
SKU422,2025-11-09,113,143.79
SKU422,2025-11-16,152,148.09
SKU422,2025-11-23,131,138.76
SKU422,2025-11-30,105,151.96
SKU422,2025-12-07,106,134.22
SKU422,2025-12-14,126,144.7
SKU422,2025-12-21,120,137.07
SKU422,2025-12-28,139,140.21
SKU422,2026-01-04,61,148.48
SKU423,2025-10-19,117,140.44
SKU423,2025-10-26,115,141.45
SKU423,2025-11-02,162,152.86
SKU423,2025-11-09,136,133.43
SKU423,2025-11-16,174,140.71
SKU423,2025-11-23,134,134.94
SKU423,2025-11-30,103,130.7
SKU423,2025-12-07,164,140.33
SKU423,2025-12-14,146,132.14
SKU423,2025-12-21,123,132.3
SKU423,2025-12-28,131,141.55
SKU423,2026-01-04,68,139.25
SKU424,2025-10-19,121,120.6
SKU424,2025-10-26,148,141.27
SKU424,2025-11-02,134,154.66
SKU424,2025-11-09,102,150.78
SKU424,2025-11-16,166,133.63
SKU424,2025-11-23,148,146.81
SKU424,2025-11-30,159,122.07
SKU424,2025-12-07,148,148.71
SKU424,2025-12-14,181,142.29
SKU424,2025-12-21,117,142.03
SKU424,2025-12-28,140,142.92
SKU424,2026-01-04,97,134.76
SKU425,2025-10-19,97,141.12
SKU425,2025-10-26,150,144.21
SKU425,2025-11-02,131,140.49
SKU425,2025-11-09,100,137.45
SKU425,2025-11-16,156,152.28
SKU425,2025-11-23,160,143.83
SKU425,2025-11-30,122,134.46
SKU425,2025-12-07,133,146.13
SKU425,2025-12-14,144,129.45
SKU425,2025-12-21,137,126.72
SKU425,2025-12-28,114,136.32
SKU425,2026-01-04,66,146.89
SKU426,2025-10-19,171,135.89
SKU426,2025-10-26,123,143.99
SKU426,2025-11-02,112,146.21
SKU426,2025-11-09,127,136.73
SKU426,2025-11-16,116,131.36
SKU426,2025-11-23,117,130.08
SKU426,2025-11-30,165,146.14
SKU426,2025-12-07,100,136.7
SKU426,2025-12-14,137,138.61
SKU426,2025-12-21,163,153.31
SKU426,2025-12-28,146,143.59
SKU426,2026-01-04,45,145.3
SKU427,2025-10-19,186,144.68
SKU427,2025-10-26,129,134.06
SKU427,2025-11-02,133,138.95
SKU427,2025-11-09,156,127.78
SKU427,2025-11-16,139,145.39
SKU427,2025-11-23,126,155.03
SKU427,2025-11-30,125,129.5
SKU427,2025-12-07,83,138.24
SKU427,2025-12-14,131,140.15
SKU427,2025-12-21,106,141.48
SKU427,2025-12-28,146,146.69
SKU427,2026-01-04,79,135.59
SKU428,2025-10-19,151,136.17
SKU428,2025-10-26,147,133.39
SKU428,2025-11-02,173,152.09
SKU428,2025-11-09,119,138.81
SKU428,2025-11-16,145,159.87
SKU428,2025-11-23,132,141.45
SKU428,2025-11-30,105,153.35
SKU428,2025-12-07,167,139.14
SKU428,2025-12-14,167,141.15
SKU428,2025-12-21,127,146.25
SKU428,2025-12-28,145,129.13
SKU428,2026-01-04,65,143.11
SKU429,2025-10-19,122,151.48
SKU429,2025-10-26,138,130.47
SKU429,2025-11-02,130,142.82
SKU429,2025-11-09,132,133.39
SKU429,2025-11-16,144,145.24
SKU429,2025-11-23,136,142.36
SKU429,2025-11-30,159,145.87
SKU429,2025-12-07,144,138.57
SKU429,2025-12-14,142,141.83
SKU429,2025-12-21,163,142.65
SKU429,2025-12-28,171,141.45
SKU429,2026-01-04,77,144.21
SKU430,2025-10-19,121,143.81
SKU430,2025-10-26,159,141.93
SKU430,2025-11-02,152,145.53
SKU430,2025-11-09,163,146.96
SKU430,2025-11-16,153,133.78
SKU430,2025-11-23,143,128.35
SKU430,2025-11-30,123,129.96
SKU430,2025-12-07,153,157.75
SKU430,2025-12-14,178,132.82
SKU430,2025-12-21,105,134.04
SKU430,2025-12-28,120,141.2
SKU430,2026-01-04,51,149.71
SKU431,2025-10-19,135,134.26
SKU431,2025-10-26,153,145.77
SKU431,2025-11-02,163,148.92
SKU431,2025-11-09,127,149.59
SKU431,2025-11-16,162,136.67
SKU431,2025-11-23,151,137.38
SKU431,2025-11-30,148,142.77
SKU431,2025-12-07,113,134.19
SKU431,2025-12-14,166,140.4
SKU431,2025-12-21,130,135.72
SKU431,2025-12-28,115,126.92
SKU431,2026-01-04,59,151.5
SKU432,2025-10-19,120,143.96
SKU432,2025-10-26,155,136.0
SKU432,2025-11-02,121,135.68
SKU432,2025-11-09,164,128.17
SKU432,2025-11-16,160,133.43
SKU432,2025-11-23,134,135.63
SKU432,2025-11-30,141,150.5
SKU432,2025-12-07,128,141.5
SKU432,2025-12-14,128,147.11
SKU432,2025-12-21,152,152.88
SKU432,2025-12-28,108,143.39
SKU432,2026-01-04,58,147.32
SKU433,2025-10-19,153,138.51
SKU433,2025-10-26,167,149.41
SKU433,2025-11-02,175,136.17
SKU433,2025-11-09,147,127.95
SKU433,2025-11-16,106,150.44
SKU433,2025-11-23,142,147.21
SKU433,2025-11-30,165,134.13
SKU433,2025-12-07,120,148.94
SKU433,2025-12-14,155,135.16
SKU433,2025-12-21,106,142.84
SKU433,2025-12-28,179,132.78
SKU433,2026-01-04,53,148.17
SKU434,2025-10-19,137,148.95
SKU434,2025-10-26,181,136.99
SKU434,2025-11-02,182,142.1
SKU434,2025-11-09,125,147.43
SKU434,2025-11-16,117,147.8
SKU434,2025-11-23,102,136.16
SKU434,2025-11-30,78,137.81
SKU434,2025-12-07,123,138.3
SKU434,2025-12-14,102,143.03
SKU434,2025-12-21,105,139.39
SKU434,2025-12-28,141,141.89
SKU434,2026-01-04,89,135.49
SKU435,2025-10-19,140,122.83
SKU435,2025-10-26,138,146.21
SKU435,2025-11-02,174,140.81
SKU435,2025-11-09,136,151.25
SKU435,2025-11-16,100,138.957
SKU435,2025-11-23,111,149.87
SKU435,2025-11-30,152,127.55
SKU435,2025-12-07,148,144.91
SKU435,2025-12-14,128,138.89
SKU435,2025-12-21,154,134.07
SKU435,2025-12-28,135,142.29
SKU435,2026-01-04,91,137.46
SKU436,2025-10-19,178,146.11
SKU436,2025-10-26,125,134.78
SKU436,2025-11-02,129,141.82
SKU436,2025-11-09,152,141.17
SKU436,2025-11-16,123,147.64
SKU436,2025-11-23,130,145.25
SKU436,2025-11-30,105,135.67
SKU436,2025-12-07,125,141.18
SKU436,2025-12-14,139,148.42
SKU436,2025-12-21,175,139.06
SKU436,2025-12-28,149,137.92
SKU436,2026-01-04,60,141.93
SKU437,2025-10-19,138,155.24
SKU437,2025-10-26,146,136.78
SKU437,2025-11-02,149,132.42
SKU437,2025-11-09,113,140.16
SKU437,2025-11-16,131,141.6
SKU437,2025-11-23,135,157.35
SKU437,2025-11-30,171,144.79
SKU437,2025-12-07,114,131.42
SKU437,2025-12-14,129,136.9
SKU437,2025-12-21,129,139.7
SKU437,2025-12-28,159,131.79
SKU437,2026-01-04,52,138.79
SKU438,2025-10-19,165,135.73
SKU438,2025-10-26,195,141.5
SKU438,2025-11-02,115,138.18
SKU438,2025-11-09,168,133.1
SKU438,2025-11-16,143,160.5
SKU438,2025-11-23,142,134.01
SKU438,2025-11-30,119,150.85
SKU438,2025-12-07,106,144.39
SKU438,2025-12-14,140,131.68
SKU438,2025-12-21,142,146.41
SKU438,2025-12-28,158,140.5
SKU438,2026-01-04,42,138.47
SKU439,2025-10-19,160,129.62
SKU439,2025-10-26,143,147.29
SKU439,2025-11-02,141,147.57
SKU439,2025-11-09,137,141.37
SKU439,2025-11-16,133,143.69
SKU439,2025-11-23,143,146.8
SKU439,2025-11-30,130,130.89
SKU439,2025-12-07,166,140.39999999999998
SKU439,2025-12-14,136,136.93
SKU439,2025-12-21,105,146.67
SKU439,2025-12-28,140,132.71
SKU439,2026-01-04,30,142.33
SKU440,2025-10-19,161,161.85
SKU440,2025-10-26,110,134.8
SKU440,2025-11-02,136,118.03
SKU440,2025-11-09,116,152.34
SKU440,2025-11-16,151,144.99
SKU440,2025-11-23,88,133.84
SKU440,2025-11-30,169,122.12
SKU440,2025-12-07,125,131.48
SKU440,2025-12-14,141,143.58
SKU440,2025-12-21,163,129.2
SKU440,2025-12-28,147,126.89
SKU440,2026-01-04,35,149.41
SKU441,2025-10-19,179,141.76
SKU441,2025-10-26,136,137.05
SKU441,2025-11-02,158,139.38
SKU441,2025-11-09,105,141.05
SKU441,2025-11-16,89,143.41
SKU441,2025-11-23,109,137.46
SKU441,2025-11-30,137,110.39
SKU441,2025-12-07,146,135.0
SKU441,2025-12-14,125,134.06
SKU441,2025-12-21,144,139.18
SKU441,2025-12-28,108,130.92
SKU441,2026-01-04,63,155.7
SKU442,2025-10-19,119,138.69
SKU442,2025-10-26,136,144.26
SKU442,2025-11-02,98,139.58
SKU442,2025-11-09,145,117.44
SKU442,2025-11-16,142,124.92
SKU442,2025-11-23,90,145.7
SKU442,2025-11-30,141,138.06
SKU442,2025-12-07,133,144.7
SKU442,2025-12-14,116,132.3
SKU442,2025-12-21,173,133.42
SKU442,2025-12-28,160,144.27
SKU442,2026-01-04,73,137.33
SKU443,2025-10-19,162,138.0
SKU443,2025-10-26,110,129.9
SKU443,2025-11-02,150,130.74
SKU443,2025-11-09,104,137.53
SKU443,2025-11-16,167,139.6
SKU443,2025-11-23,129,149.35
SKU443,2025-11-30,147,137.77
SKU443,2025-12-07,101,156.17
SKU443,2025-12-14,171,131.87
SKU443,2025-12-21,124,139.82
SKU443,2025-12-28,137,129.54
SKU443,2026-01-04,48,139.32
SKU444,2025-10-19,137,130.2
SKU444,2025-10-26,170,150.78
SKU444,2025-11-02,166,143.38
SKU444,2025-11-09,83,126.32
SKU444,2025-11-16,150,127.01
SKU444,2025-11-23,163,140.86
SKU444,2025-11-30,167,143.42
SKU444,2025-12-07,130,132.57
SKU444,2025-12-14,143,143.48
SKU444,2025-12-21,162,132.03
SKU444,2025-12-28,160,137.51
SKU444,2026-01-04,58,130.03
SKU445,2025-10-19,116,132.29
SKU445,2025-10-26,137,134.79
SKU445,2025-11-02,123,138.6
SKU445,2025-11-09,121,130.13
SKU445,2025-11-16,167,139.67
SKU445,2025-11-23,133,141.48
SKU445,2025-11-30,140,135.81
SKU445,2025-12-07,142,136.94
SKU445,2025-12-14,134,142.97
SKU445,2025-12-21,91,141.5
SKU445,2025-12-28,109,144.53
SKU445,2026-01-04,73,146.92
SKU446,2025-10-19,131,139.12
SKU446,2025-10-26,119,141.58
SKU446,2025-11-02,98,140.08
SKU446,2025-11-09,103,150.51
SKU446,2025-11-16,131,134.94
SKU446,2025-11-23,155,134.63
SKU446,2025-11-30,157,133.12
SKU446,2025-12-07,150,145.8
SKU446,2025-12-14,135,127.45
SKU446,2025-12-21,132,126.93
SKU446,2025-12-28,111,141.42
SKU446,2026-01-04,94,140.87
SKU447,2025-10-19,167,131.96
SKU447,2025-10-26,124,142.01
SKU447,2025-11-02,140,136.26
SKU447,2025-11-09,165,134.23
SKU447,2025-11-16,117,132.68
SKU447,2025-11-23,131,142.46
SKU447,2025-11-30,169,134.36
SKU447,2025-12-07,96,142.86
SKU447,2025-12-14,131,143.59
SKU447,2025-12-21,106,135.03
SKU447,2025-12-28,172,147.73
SKU447,2026-01-04,62,147.46
SKU448,2025-10-19,85,144.53
SKU448,2025-10-26,144,125.49
SKU448,2025-11-02,156,131.66
SKU448,2025-11-09,124,153.12
SKU448,2025-11-16,152,134.79
SKU448,2025-11-23,131,141.93
SKU448,2025-11-30,91,139.95
SKU448,2025-12-07,102,136.05
SKU448,2025-12-14,126,144.34
SKU448,2025-12-21,138,143.56
SKU448,2025-12-28,145,141.37
SKU448,2026-01-04,65,132.9
SKU449,2025-10-19,172,135.92333333333332
SKU449,2025-10-26,152,134.51
SKU449,2025-11-02,147,145.22
SKU449,2025-11-09,125,135.58
SKU449,2025-11-16,129,137.34
SKU449,2025-11-23,148,134.67
SKU449,2025-11-30,124,135.81
SKU449,2025-12-07,116,149.18
SKU449,2025-12-14,176,149.72
SKU449,2025-12-21,173,149.81
SKU449,2025-12-28,128,139.64
SKU449,2026-01-04,39,138.48
SKU450,2025-10-19,168,129.95
SKU450,2025-10-26,158,127.12
SKU450,2025-11-02,114,141.37666666666667
SKU450,2025-11-09,145,141.86
SKU450,2025-11-16,169,135.2
SKU450,2025-11-23,112,140.97
SKU450,2025-11-30,134,136.46
SKU450,2025-12-07,114,135.91
SKU450,2025-12-14,170,143.17
SKU450,2025-12-21,130,144.37
SKU450,2025-12-28,129,139.59
SKU450,2026-01-04,87,128.12
SKU451,2025-10-19,107,131.18
SKU451,2025-10-26,174,152.34
SKU451,2025-11-02,138,151.26
SKU451,2025-11-09,137,151.15
SKU451,2025-11-16,125,146.37
SKU451,2025-11-23,163,144.99
SKU451,2025-11-30,147,143.41
SKU451,2025-12-07,138,135.63
SKU451,2025-12-14,133,136.29
SKU451,2025-12-21,104,146.46
SKU451,2025-12-28,135,144.19
SKU451,2026-01-04,97,134.3
SKU452,2025-10-19,135,130.61
SKU452,2025-10-26,134,144.5
SKU452,2025-11-02,128,139.01
SKU452,2025-11-09,175,141.82
SKU452,2025-11-16,121,146.38
SKU452,2025-11-23,144,138.47
SKU452,2025-11-30,160,147.25
SKU452,2025-12-07,100,131.68
SKU452,2025-12-14,84,132.95
SKU452,2025-12-21,106,140.88
SKU452,2025-12-28,168,125.35
SKU452,2026-01-04,33,148.23
SKU453,2025-10-19,157,134.63
SKU453,2025-10-26,106,132.69
SKU453,2025-11-02,137,136.56
SKU453,2025-11-09,103,134.37
SKU453,2025-11-16,150,135.56
SKU453,2025-11-23,137,145.91
SKU453,2025-11-30,161,149.62
SKU453,2025-12-07,171,144.58
SKU453,2025-12-14,170,139.56
SKU453,2025-12-21,158,139.83
SKU453,2025-12-28,177,142.78
SKU453,2026-01-04,52,117.56
SKU454,2025-10-19,125,139.78
SKU454,2025-10-26,106,136.82
SKU454,2025-11-02,121,136.58
SKU454,2025-11-09,124,148.24
SKU454,2025-11-16,154,139.88
SKU454,2025-11-23,121,151.59
SKU454,2025-11-30,126,139.24
SKU454,2025-12-07,172,136.68
SKU454,2025-12-14,108,144.03
SKU454,2025-12-21,155,143.33
SKU454,2025-12-28,130,145.98
SKU454,2026-01-04,82,138.04
SKU455,2025-10-19,148,140.05
SKU455,2025-10-26,172,149.19
SKU455,2025-11-02,137,136.47
SKU455,2025-11-09,155,142.48
SKU455,2025-11-16,118,146.65
SKU455,2025-11-23,107,141.09
SKU455,2025-11-30,150,137.39
SKU455,2025-12-07,131,141.81
SKU455,2025-12-14,170,134.14
SKU455,2025-12-21,160,137.55
SKU455,2025-12-28,112,128.61
SKU455,2026-01-04,81,139.73
SKU456,2025-10-19,142,132.12
SKU456,2025-10-26,126,143.1
SKU456,2025-11-02,132,133.92
SKU456,2025-11-09,181,141.03
SKU456,2025-11-16,162,138.1
SKU456,2025-11-23,164,153.88
SKU456,2025-11-30,123,136.7
SKU456,2025-12-07,144,141.76
SKU456,2025-12-14,154,134.71
SKU456,2025-12-21,130,141.75
SKU456,2025-12-28,150,138.85
SKU456,2026-01-04,80,150.31
SKU457,2025-10-19,94,138.73
SKU457,2025-10-26,100,140.86
SKU457,2025-11-02,151,143.65
SKU457,2025-11-09,150,135.14
SKU457,2025-11-16,173,143.51
SKU457,2025-11-23,167,139.89
SKU457,2025-11-30,147,142.8
SKU457,2025-12-07,188,149.46
SKU457,2025-12-14,142,133.15
SKU457,2025-12-21,94,121.36
SKU457,2025-12-28,144,133.36
SKU457,2026-01-04,65,142.04
SKU458,2025-10-19,86,132.32
SKU458,2025-10-26,112,134.48
SKU458,2025-11-02,160,144.39
SKU458,2025-11-09,139,132.68
SKU458,2025-11-16,196,135.53
SKU458,2025-11-23,148,139.65
SKU458,2025-11-30,142,154.01
SKU458,2025-12-07,141,148.57
SKU458,2025-12-14,118,140.54
SKU458,2025-12-21,150,151.07
SKU458,2025-12-28,147,152.47
SKU458,2026-01-04,67,139.92
SKU459,2025-10-19,151,141.76
SKU459,2025-10-26,132,134.57
SKU459,2025-11-02,151,158.08
SKU459,2025-11-09,131,130.5
SKU459,2025-11-16,112,151.95
SKU459,2025-11-23,116,148.4
SKU459,2025-11-30,182,137.36
SKU459,2025-12-07,152,140.316
SKU459,2025-12-14,200,134.81
SKU459,2025-12-21,91,138.58
SKU459,2025-12-28,132,149.47
SKU459,2026-01-04,57,133.61
SKU460,2025-10-19,109,133.3
SKU460,2025-10-26,157,143.61
SKU460,2025-11-02,114,133.2
SKU460,2025-11-09,129,138.84
SKU460,2025-11-16,137,150.56
SKU460,2025-11-23,135,139.18
SKU460,2025-11-30,122,126.77
SKU460,2025-12-07,84,151.16
SKU460,2025-12-14,137,137.7
SKU460,2025-12-21,152,135.91
SKU460,2025-12-28,157,133.07
SKU460,2026-01-04,50,133.97
SKU461,2025-10-19,132,129.11
SKU461,2025-10-26,172,145.87
SKU461,2025-11-02,130,128.69
SKU461,2025-11-09,148,133.24
SKU461,2025-11-16,143,151.72
SKU461,2025-11-23,110,134.08
SKU461,2025-11-30,132,138.3
SKU461,2025-12-07,168,136.91
SKU461,2025-12-14,106,135.53
SKU461,2025-12-21,118,135.14
SKU461,2025-12-28,131,139.39
SKU461,2026-01-04,85,148.32
SKU462,2025-10-19,132,127.3
SKU462,2025-10-26,129,145.7475
SKU462,2025-11-02,114,151.73
SKU462,2025-11-09,138,131.97
SKU462,2025-11-16,148,136.93
SKU462,2025-11-23,164,140.16
SKU462,2025-11-30,144,141.1
SKU462,2025-12-07,176,131.77
SKU462,2025-12-14,146,140.91
SKU462,2025-12-21,142,143.46
SKU462,2025-12-28,167,142.81
SKU462,2026-01-04,51,139.83
SKU463,2025-10-19,153,133.67
SKU463,2025-10-26,163,149.46
SKU463,2025-11-02,143,137.95
SKU463,2025-11-09,134,136.25
SKU463,2025-11-16,132,119.26
SKU463,2025-11-23,132,141.44
SKU463,2025-11-30,142,135.49
SKU463,2025-12-07,108,144.73
SKU463,2025-12-14,141,132.47
SKU463,2025-12-21,153,146.14
SKU463,2025-12-28,156,143.37
SKU463,2026-01-04,61,139.7
SKU464,2025-10-19,136,129.64
SKU464,2025-10-26,107,140.69
SKU464,2025-11-02,159,145.49
SKU464,2025-11-09,130,128.6
SKU464,2025-11-16,121,145.81
SKU464,2025-11-23,152,143.69
SKU464,2025-11-30,131,142.63
SKU464,2025-12-07,157,138.11
SKU464,2025-12-14,130,133.3
SKU464,2025-12-21,120,142.92
SKU464,2025-12-28,133,143.55
SKU464,2026-01-04,74,143.18
SKU465,2025-10-19,111,143.29
SKU465,2025-10-26,153,127.28
SKU465,2025-11-02,139,136.79
SKU465,2025-11-09,136,134.41
SKU465,2025-11-16,166,136.54
SKU465,2025-11-23,121,144.11
SKU465,2025-11-30,114,140.65
SKU465,2025-12-07,160,141.38
SKU465,2025-12-14,138,138.73
SKU465,2025-12-21,133,134.93
SKU465,2025-12-28,135,134.83
SKU465,2026-01-04,49,138.05
SKU466,2025-10-19,131,140.16
SKU466,2025-10-26,184,150.45
SKU466,2025-11-02,127,141.79
SKU466,2025-11-09,174,143.45
SKU466,2025-11-16,194,150.46
SKU466,2025-11-23,117,150.42
SKU466,2025-11-30,140,134.09
SKU466,2025-12-07,152,139.72
SKU466,2025-12-14,148,141.92
SKU466,2025-12-21,105,141.12
SKU466,2025-12-28,171,145.67
SKU466,2026-01-04,74,131.89
SKU467,2025-10-19,151,139.9
SKU467,2025-10-26,88,135.4
SKU467,2025-11-02,153,134.73
SKU467,2025-11-09,144,145.82
SKU467,2025-11-16,153,146.88
SKU467,2025-11-23,155,142.95
SKU467,2025-11-30,100,140.62
SKU467,2025-12-07,147,144.97
SKU467,2025-12-14,145,135.53
SKU467,2025-12-21,124,135.63
SKU467,2025-12-28,118,133.77
SKU467,2026-01-04,67,142.18
SKU468,2025-10-19,164,146.89
SKU468,2025-10-26,207,142.42
SKU468,2025-11-02,144,135.58
SKU468,2025-11-09,145,133.07
SKU468,2025-11-16,156,137.47
SKU468,2025-11-23,122,149.26
SKU468,2025-11-30,155,148.07
SKU468,2025-12-07,156,149.41
SKU468,2025-12-14,152,136.36
SKU468,2025-12-21,158,136.02
SKU468,2025-12-28,166,135.81
SKU468,2026-01-04,56,130.33
SKU469,2025-10-19,182,141.26
SKU469,2025-10-26,157,136.44
SKU469,2025-11-02,135,141.32
SKU469,2025-11-09,163,132.58
SKU469,2025-11-16,135,131.24
SKU469,2025-11-23,187,133.39
SKU469,2025-11-30,115,139.83
SKU469,2025-12-07,140,116.02
SKU469,2025-12-14,92,133.78
SKU469,2025-12-21,185,159.12
SKU469,2025-12-28,142,134.92
SKU469,2026-01-04,60,139.79
SKU470,2025-10-19,107,155.07
SKU470,2025-10-26,173,138.83
SKU470,2025-11-02,177,134.97
SKU470,2025-11-09,132,135.36
SKU470,2025-11-16,134,143.59
SKU470,2025-11-23,96,140.3
SKU470,2025-11-30,159,128.57
SKU470,2025-12-07,156,139.85
SKU470,2025-12-14,130,127.46
SKU470,2025-12-21,149,144.58
SKU470,2025-12-28,133,147.1
SKU470,2026-01-04,48,128.61
SKU471,2025-10-19,142,144.05
SKU471,2025-10-26,99,133.25
SKU471,2025-11-02,138,143.81
SKU471,2025-11-09,130,144.5
SKU471,2025-11-16,153,138.21
SKU471,2025-11-23,127,134.12
SKU471,2025-11-30,127,139.37
SKU471,2025-12-07,146,141.75
SKU471,2025-12-14,85,139.93
SKU471,2025-12-21,143,127.69
SKU471,2025-12-28,122,136.55
SKU471,2026-01-04,43,137.81
SKU472,2025-10-19,166,132.94
SKU472,2025-10-26,148,133.65
SKU472,2025-11-02,145,131.04
SKU472,2025-11-09,152,147.668
SKU472,2025-11-16,150,144.83
SKU472,2025-11-23,128,150.27
SKU472,2025-11-30,145,143.41
SKU472,2025-12-07,163,151.21
SKU472,2025-12-14,103,131.29
SKU472,2025-12-21,147,136.09
SKU472,2025-12-28,143,139.76
SKU472,2026-01-04,53,128.51
SKU473,2025-10-19,152,143.76
SKU473,2025-10-26,128,150.13
SKU473,2025-11-02,167,137.12
SKU473,2025-11-09,111,135.78
SKU473,2025-11-16,204,127.81
SKU473,2025-11-23,135,144.82
SKU473,2025-11-30,142,137.87
SKU473,2025-12-07,141,138.31
SKU473,2025-12-14,131,145.39
SKU473,2025-12-21,103,145.24
SKU473,2025-12-28,146,149.61
SKU473,2026-01-04,32,135.06
SKU474,2025-10-19,119,139.85
SKU474,2025-10-26,145,133.6
SKU474,2025-11-02,155,147.14
SKU474,2025-11-09,126,134.76
SKU474,2025-11-16,169,147.75
SKU474,2025-11-23,143,139.2
SKU474,2025-11-30,134,144.06
SKU474,2025-12-07,183,139.09
SKU474,2025-12-14,142,130.9
SKU474,2025-12-21,158,130.16
SKU474,2025-12-28,144,137.47
SKU474,2026-01-04,50,133.72
SKU475,2025-10-19,130,139.63
SKU475,2025-10-26,136,150.78
SKU475,2025-11-02,164,139.28
SKU475,2025-11-09,150,152.08
SKU475,2025-11-16,129,134.97
SKU475,2025-11-23,169,129.99
SKU475,2025-11-30,146,141.34
SKU475,2025-12-07,177,153.39
SKU475,2025-12-14,114,126.33
SKU475,2025-12-21,147,132.61
SKU475,2025-12-28,154,130.19
SKU475,2026-01-04,47,125.11
SKU476,2025-10-19,114,137.04
SKU476,2025-10-26,169,142.9
SKU476,2025-11-02,171,138.98
SKU476,2025-11-09,136,148.42
SKU476,2025-11-16,139,148.1
SKU476,2025-11-23,126,134.58
SKU476,2025-11-30,143,134.1525
SKU476,2025-12-07,153,149.42
SKU476,2025-12-14,112,130.55
SKU476,2025-12-21,166,142.09
SKU476,2025-12-28,133,134.98
SKU476,2026-01-04,59,136.98
SKU477,2025-10-19,129,144.91
SKU477,2025-10-26,133,143.22
SKU477,2025-11-02,160,139.08
SKU477,2025-11-09,133,147.88
SKU477,2025-11-16,134,131.05
SKU477,2025-11-23,157,142.92
SKU477,2025-11-30,140,134.46
SKU477,2025-12-07,114,134.65
SKU477,2025-12-14,176,150.42
SKU477,2025-12-21,106,137.92
SKU477,2025-12-28,137,154.41
SKU477,2026-01-04,60,153.02
SKU478,2025-10-19,129,132.1
SKU478,2025-10-26,147,138.1
SKU478,2025-11-02,122,139.97
SKU478,2025-11-09,132,140.12
SKU478,2025-11-16,152,130.52
SKU478,2025-11-23,149,151.94
SKU478,2025-11-30,158,141.8
SKU478,2025-12-07,166,139.04
SKU478,2025-12-14,134,138.07
SKU478,2025-12-21,112,151.17
SKU478,2025-12-28,150,143.07
SKU478,2026-01-04,33,151.7
SKU479,2025-10-19,155,142.11
SKU479,2025-10-26,152,139.94
SKU479,2025-11-02,123,133.35
SKU479,2025-11-09,133,139.53
SKU479,2025-11-16,126,135.01
SKU479,2025-11-23,114,142.74
SKU479,2025-11-30,160,136.89
SKU479,2025-12-07,166,134.405
SKU479,2025-12-14,131,135.84
SKU479,2025-12-21,152,148.03
SKU479,2025-12-28,95,137.09
SKU479,2026-01-04,72,146.28
SKU480,2025-10-19,93,145.9
SKU480,2025-10-26,112,140.33
SKU480,2025-11-02,131,144.13
SKU480,2025-11-09,133,134.02
SKU480,2025-11-16,161,133.73
SKU480,2025-11-23,96,135.46
SKU480,2025-11-30,173,139.55
SKU480,2025-12-07,185,137.86
SKU480,2025-12-14,114,144.19
SKU480,2025-12-21,107,131.64
SKU480,2025-12-28,93,129.73
SKU480,2026-01-04,57,124.94
SKU481,2025-10-19,144,148.95
SKU481,2025-10-26,154,127.34
SKU481,2025-11-02,156,139.39
SKU481,2025-11-09,164,142.94
SKU481,2025-11-16,144,138.05
SKU481,2025-11-23,144,141.28
SKU481,2025-11-30,119,137.61
SKU481,2025-12-07,123,136.32
SKU481,2025-12-14,135,152.86
SKU481,2025-12-21,172,147.67
SKU481,2025-12-28,114,128.77
SKU481,2026-01-04,65,154.17
SKU482,2025-10-19,160,146.71
SKU482,2025-10-26,149,135.6575
SKU482,2025-11-02,185,136.94
SKU482,2025-11-09,91,142.48
SKU482,2025-11-16,122,121.08
SKU482,2025-11-23,151,139.04
SKU482,2025-11-30,184,147.45
SKU482,2025-12-07,169,136.94
SKU482,2025-12-14,145,147.1
SKU482,2025-12-21,197,146.38
SKU482,2025-12-28,135,143.89
SKU482,2026-01-04,66,135.09
SKU483,2025-10-19,125,140.32
SKU483,2025-10-26,138,136.32
SKU483,2025-11-02,153,141.45
SKU483,2025-11-09,135,132.07
SKU483,2025-11-16,165,142.45
SKU483,2025-11-23,151,139.84
SKU483,2025-11-30,110,147.14
SKU483,2025-12-07,118,142.33
SKU483,2025-12-14,136,146.79
SKU483,2025-12-21,112,150.39
SKU483,2025-12-28,146,142.01
SKU483,2026-01-04,55,149.71
SKU484,2025-10-19,134,139.22
SKU484,2025-10-26,162,146.17
SKU484,2025-11-02,98,144.42
SKU484,2025-11-09,133,131.57
SKU484,2025-11-16,131,131.92
SKU484,2025-11-23,149,134.45
SKU484,2025-11-30,132,142.18
SKU484,2025-12-07,151,137.7825
SKU484,2025-12-14,127,141.91
SKU484,2025-12-21,85,136.76
SKU484,2025-12-28,109,132.92
SKU484,2026-01-04,33,124.61
SKU485,2025-10-19,144,133.95
SKU485,2025-10-26,137,140.4
SKU485,2025-11-02,131,144.34
SKU485,2025-11-09,163,136.75
SKU485,2025-11-16,137,142.74
SKU485,2025-11-23,106,135.66
SKU485,2025-11-30,158,131.25
SKU485,2025-12-07,115,138.93
SKU485,2025-12-14,152,143.41
SKU485,2025-12-21,103,144.07
SKU485,2025-12-28,134,145.74
SKU485,2026-01-04,85,143.3
SKU486,2025-10-19,139,150.93
SKU486,2025-10-26,125,137.96
SKU486,2025-11-02,158,133.89
SKU486,2025-11-09,116,137.43
SKU486,2025-11-16,113,144.59
SKU486,2025-11-23,160,144.97
SKU486,2025-11-30,128,138.9
SKU486,2025-12-07,126,146.36
SKU486,2025-12-14,88,137.99
SKU486,2025-12-21,129,144.62
SKU486,2025-12-28,140,126.94
SKU486,2026-01-04,70,142.05
SKU487,2025-10-19,154,136.96
SKU487,2025-10-26,171,149.16
SKU487,2025-11-02,172,143.25
SKU487,2025-11-09,133,131.93
SKU487,2025-11-16,138,150.41
SKU487,2025-11-23,95,139.24
SKU487,2025-11-30,157,142.22
SKU487,2025-12-07,132,137.5
SKU487,2025-12-14,147,133.37
SKU487,2025-12-21,116,142.69
SKU487,2025-12-28,117,133.58
SKU487,2026-01-04,77,138.25
SKU488,2025-10-19,113,139.65
SKU488,2025-10-26,174,137.8
SKU488,2025-11-02,144,136.86
SKU488,2025-11-09,114,128.41
SKU488,2025-11-16,121,145.25
SKU488,2025-11-23,115,136.53
SKU488,2025-11-30,171,150.3
SKU488,2025-12-07,154,139.0
SKU488,2025-12-14,139,129.13
SKU488,2025-12-21,150,135.45
SKU488,2025-12-28,142,138.46
SKU488,2026-01-04,44,132.92
SKU489,2025-10-19,177,144.55
SKU489,2025-10-26,158,139.0
SKU489,2025-11-02,167,151.97
SKU489,2025-11-09,131,129.23
SKU489,2025-11-16,145,142.81
SKU489,2025-11-23,162,125.03
SKU489,2025-11-30,173,133.21
SKU489,2025-12-07,163,134.59
SKU489,2025-12-14,151,144.02
SKU489,2025-12-21,188,132.11
SKU489,2025-12-28,129,127.69
SKU489,2026-01-04,63,142.8
SKU490,2025-10-19,122,142.5
SKU490,2025-10-26,139,145.08
SKU490,2025-11-02,117,139.69
SKU490,2025-11-09,117,142.75
SKU490,2025-11-16,145,141.85
SKU490,2025-11-23,143,146.91
SKU490,2025-11-30,116,137.71
SKU490,2025-12-07,130,130.22
SKU490,2025-12-14,103,137.78
SKU490,2025-12-21,160,139.05
SKU490,2025-12-28,146,131.3
SKU490,2026-01-04,66,144.47
SKU491,2025-10-19,166,123.55
SKU491,2025-10-26,143,133.92
SKU491,2025-11-02,114,140.65
SKU491,2025-11-09,116,136.26
SKU491,2025-11-16,127,131.2
SKU491,2025-11-23,149,145.47
SKU491,2025-11-30,155,142.31
SKU491,2025-12-07,126,135.98
SKU491,2025-12-14,80,133.53
SKU491,2025-12-21,151,134.98
SKU491,2025-12-28,143,128.13
SKU491,2026-01-04,82,141.28
SKU492,2025-10-19,126,135.75
SKU492,2025-10-26,162,143.74
SKU492,2025-11-02,104,138.29
SKU492,2025-11-09,146,145.35
SKU492,2025-11-16,160,135.93
SKU492,2025-11-23,141,146.8
SKU492,2025-11-30,120,133.97
SKU492,2025-12-07,131,147.08
SKU492,2025-12-14,163,130.6575
SKU492,2025-12-21,129,127.26
SKU492,2025-12-28,101,137.19
SKU492,2026-01-04,35,149.972
SKU493,2025-10-19,168,136.69
SKU493,2025-10-26,138,141.88
SKU493,2025-11-02,189,139.82
SKU493,2025-11-09,108,136.28
SKU493,2025-11-16,195,136.97
SKU493,2025-11-23,106,142.81
SKU493,2025-11-30,145,137.12
SKU493,2025-12-07,148,146.25
SKU493,2025-12-14,123,140.16
SKU493,2025-12-21,144,140.71
SKU493,2025-12-28,118,138.27
SKU493,2026-01-04,50,136.57
SKU494,2025-10-19,150,153.49
SKU494,2025-10-26,121,149.58
SKU494,2025-11-02,128,150.65
SKU494,2025-11-09,149,133.9
SKU494,2025-11-16,126,139.63
SKU494,2025-11-23,130,143.36
SKU494,2025-11-30,181,141.61
SKU494,2025-12-07,170,139.21
SKU494,2025-12-14,137,136.94
SKU494,2025-12-21,125,145.59
SKU494,2025-12-28,167,154.05
SKU494,2026-01-04,66,145.9
SKU495,2025-10-19,147,145.23
SKU495,2025-10-26,153,134.16
SKU495,2025-11-02,157,134.66
SKU495,2025-11-09,135,142.14
SKU495,2025-11-16,143,142.11
SKU495,2025-11-23,173,150.43
SKU495,2025-11-30,136,141.16
SKU495,2025-12-07,112,135.8
SKU495,2025-12-14,141,140.32
SKU495,2025-12-21,83,164.94
SKU495,2025-12-28,128,141.64
SKU495,2026-01-04,52,147.56
SKU496,2025-10-19,146,148.48
SKU496,2025-10-26,109,140.65
SKU496,2025-11-02,139,141.6
SKU496,2025-11-09,135,144.42
SKU496,2025-11-16,165,137.93
SKU496,2025-11-23,149,136.6
SKU496,2025-11-30,172,136.85
SKU496,2025-12-07,158,136.88
SKU496,2025-12-14,168,146.32
SKU496,2025-12-21,168,140.75
SKU496,2025-12-28,148,143.9
SKU496,2026-01-04,57,138.61
SKU497,2025-10-19,213,142.13
SKU497,2025-10-26,130,135.8
SKU497,2025-11-02,157,125.64
SKU497,2025-11-09,138,137.67
SKU497,2025-11-16,142,130.19
SKU497,2025-11-23,139,141.6
SKU497,2025-11-30,137,148.59
SKU497,2025-12-07,129,137.77
SKU497,2025-12-14,139,149.06
SKU497,2025-12-21,120,136.76
SKU497,2025-12-28,182,145.38
SKU497,2026-01-04,81,135.99
SKU498,2025-10-19,115,145.33
SKU498,2025-10-26,144,147.9
SKU498,2025-11-02,167,139.77
SKU498,2025-11-09,180,139.73
SKU498,2025-11-16,128,143.47
SKU498,2025-11-23,113,137.81
SKU498,2025-11-30,117,142.69
SKU498,2025-12-07,161,153.57
SKU498,2025-12-14,132,143.6775
SKU498,2025-12-21,137,139.7
SKU498,2025-12-28,141,138.75
SKU498,2026-01-04,90,134.23
SKU499,2025-10-19,135,148.37
SKU499,2025-10-26,116,145.98
SKU499,2025-11-02,132,139.16
SKU499,2025-11-09,161,143.16
SKU499,2025-11-16,158,142.08
SKU499,2025-11-23,131,139.11
SKU499,2025-11-30,136,132.22
SKU499,2025-12-07,153,141.69
SKU499,2025-12-14,184,141.1
SKU499,2025-12-21,160,142.08
SKU499,2025-12-28,147,136.55
SKU499,2026-01-04,31,155.06
SKU500,2025-10-19,121,136.84
SKU500,2025-10-26,163,140.92
SKU500,2025-11-02,185,144.73
SKU500,2025-11-09,165,145.96
SKU500,2025-11-16,137,140.88
SKU500,2025-11-23,172,145.1
SKU500,2025-11-30,175,143.7
SKU500,2025-12-07,180,149.23
SKU500,2025-12-14,97,133.52
SKU500,2025-12-21,171,128.09
SKU500,2025-12-28,156,139.3
SKU500,2026-01-04,63,126.67
