date,sku_id,on_hand_units,on_order_units,lead_time_days,reorder_point,safety_stock,forecast_week_1,forecast_week_2,forecast_week_3,forecast_week_4,forecast_4_weeks,avg_weekly_forecast,lead_time_weeks,lead_time_demand,available_inventory,stockout_gap,stockout_risk,overstock_threshold,overstock_risk,cv,action,category,subcategory,unit_cost,list_price,stock_ratio,sales_at_risk
2025-12-31,SKU335,118,102,7,51,22,124.365,147.38,142.06,146.59,560.395,140.09875,1.0,140.09875,220,-79.90125,LOW,840.5925,LOW,0.2500554311244825,HEALTHY,Dining,Tray,6757,10811,0.21056576165026455,0.0
2025-12-31,SKU332,448,128,7,78,52,154.29,119.715,149.935,136.75,560.69,140.1725,1.0,140.1725,576,-435.8275,LOW,841.0350000000001,LOW,0.2559396691239061,HEALTHY,Dining,Cutlery,6916,11065,0.7990154987604557,0.0
2025-12-31,SKU333,498,75,10,94,46,130.855,151.0,135.935,146.36,564.1500000000001,141.03750000000002,1.4285714285714286,201.4821428571429,573,-371.5178571428571,LOW,846.2250000000001,LOW,0.3373659895761393,WATCH/VOLATILE,Dining,Bottle,6485,10376,0.8827439510768411,0.0
2025-12-31,SKU334,39,63,10,37,19,150.24,138.205,143.995,135.63,568.07,142.0175,1.4285714285714286,202.88214285714287,102,100.88214285714288,HIGH,852.105,LOW,0.2523675015013837,REORDER NOW,Dining,Bottle,6789,10862,0.06865351101096695,1095781.835714286
2025-12-31,SKU336,367,114,10,31,23,134.865,143.88,146.34,144.185,569.27,142.3175,1.4285714285714286,203.31071428571428,481,-277.6892857142857,LOW,853.905,LOW,0.3286724958366582,HEALTHY,Dining,Bottle,1594,2550,0.6446852987158993,0.0
2025-12-31,SKU342,94,4,7,105,50,143.075,140.415,134.39,152.925,570.8050000000001,142.70125000000002,1.0,142.70125000000002,98,44.701250000000016,HIGH,856.2075000000001,LOW,0.3059412812199227,REORDER NOW,Dining,Dinner Set,5030,8048,0.16467970672996907,359755.66000000015
2025-12-31,SKU338,309,136,10,53,25,135.415,141.53,133.13,147.025,557.1,139.275,1.4285714285714286,198.9642857142857,445,-246.03571428571428,LOW,835.6500000000001,LOW,0.3122492971500107,HEALTHY,Dining,Cutlery,7828,12524,0.5546580506192784,0.0
2025-12-31,SKU339,149,10,5,37,38,138.83,140.295,149.97,137.55,566.645,141.66125,0.7142857142857143,101.18660714285714,159,-57.81339285714286,LOW,849.9675,LOW,0.2180896270553418,HEALTHY,Dining,Tray,610,976,0.26295123048822455,0.0
2025-12-31,SKU340,70,140,14,94,30,133.965,133.215,134.69,145.755,547.625,136.90625,2.0,273.8125,210,63.8125,HIGH,821.4375,LOW,0.2951614346639534,REORDER NOW,Dining,Cutlery,7887,12619,0.12782469755763523,805249.9375
2025-12-31,SKU341,46,51,10,68,24,149.125,141.72,137.06,143.95,571.855,142.96375,1.4285714285714286,204.23392857142855,97,107.23392857142858,HIGH,857.7825,LOW,0.2653876615387445,REORDER NOW,Dining,Tray,4769,7630,0.0804399716711404,818194.875
2025-12-31,SKU316,383,34,7,58,49,129.635,136.3,130.725,151.46,548.12,137.03,1.0,137.03,417,-279.97,LOW,822.1800000000001,LOW,0.2541269345547873,HEALTHY,Dining,Tray,550,880,0.6987520980807123,0.0
2025-12-31,SKU337,283,17,7,53,10,133.39,140.435,140.555,157.075,571.4549999999999,142.86374999999998,1.0,142.86374999999998,300,-157.13625000000002,LOW,857.1824999999999,LOW,0.3497611557330544,WATCH/VOLATILE,Dining,Bottle,4308,6892,0.4952270957468218,0.0
2025-12-31,SKU331,272,120,14,99,37,129.715,137.595,128.335,141.165,536.81,134.2025,2.0,268.405,392,-123.59500000000004,LOW,805.2149999999999,LOW,0.3008617504242908,HEALTHY,Dining,Dinner Set,6486,10377,0.5066969691324678,0.0
2025-12-31,SKU324,320,118,5,50,20,136.58,143.29,149.89,147.045,576.805,144.20125,0.7142857142857143,103.00089285714284,438,-334.9991071428572,LOW,865.2075,LOW,0.3093647841382451,HEALTHY,Dining,Dinner Set,8000,12800,0.5547802116833246,0.0
2025-12-31,SKU329,225,136,7,104,49,145.055,142.875,142.94,146.25,577.12,144.28,1.0,144.28,361,-216.72,LOW,865.6800000000001,LOW,0.3003827345367514,HEALTHY,Dining,Dinner Set,756,1209,0.389866925422789,0.0
2025-12-31,SKU328,83,135,5,106,21,134.35,132.305,134.835,149.045,550.535,137.63375,0.7142857142857143,98.30982142857142,218,-119.69017857142858,LOW,825.8025,LOW,0.2309606655830771,HEALTHY,Dining,Cutlery,967,1547,0.15076244017183285,0.0
2025-12-31,SKU327,395,22,3,37,15,133.95,141.135,136.085,146.53,557.6999999999999,139.42499999999998,0.4285714285714285,59.75357142857142,417,-357.24642857142857,LOW,836.55,LOW,0.2474353941623268,HEALTHY,Dining,Dinner Set,7328,11724,0.7082660928814776,0.0
2025-12-31,SKU326,468,150,5,70,21,159.54,138.065,139.05,139.525,576.1800000000001,144.04500000000002,0.7142857142857143,102.88928571428572,618,-515.1107142857143,LOW,864.2700000000001,LOW,0.2978883197582948,HEALTHY,Dining,Cutlery,2093,3348,0.8122461730709153,0.0
2025-12-31,SKU325,71,48,3,119,23,132.43,130.28,124.635,133.5,520.845,130.21125,0.4285714285714285,55.80482142857143,119,-63.19517857142857,LOW,781.2675,LOW,0.2062800825806181,HEALTHY,Dining,Tray,3580,5728,0.13631694650039838,0.0
2025-12-31,SKU323,376,63,14,81,26,136.485,144.26,149.13,137.885,567.76,141.94,2.0,283.88,439,-155.12,LOW,851.64,LOW,0.2186411047150077,HEALTHY,Dining,Tray,3108,4972,0.6622516556291391,0.0
2025-12-31,SKU322,67,134,3,114,15,147.45,140.4,130.915,157.795,576.56,144.14,0.4285714285714285,61.7742857142857,201,-139.2257142857143,LOW,864.8399999999999,LOW,0.3151463375404678,HEALTHY,Dining,Tray,2708,4332,0.11620646593589566,0.0
2025-12-31,SKU321,39,36,3,51,26,148.495,133.775,137.95,149.845,570.0649999999999,142.51625,0.4285714285714285,61.078392857142845,75,-13.921607142857155,LOW,855.0974999999999,LOW,0.2718959598114818,HEALTHY,Dining,Tray,7914,12662,0.06841325112048627,0.0
2025-12-31,SKU320,485,110,7,105,21,138.94,143.51,140.13,145.67,568.25,142.0625,1.0,142.0625,595,-452.9375,LOW,852.375,LOW,0.3973139486926185,WATCH/VOLATILE,Dining,Bottle,5351,8561,0.8534975802903652,0.0
2025-12-31,SKU319,448,83,3,44,30,139.655,138.395,141.985,163.15,583.1850000000001,145.79625,0.4285714285714285,62.48410714285715,531,-468.5158928571428,LOW,874.7775000000001,LOW,0.3092676849763431,HEALTHY,Dining,Glass Set,2724,4358,0.7681953411010227,0.0
2025-12-31,SKU318,311,120,7,90,27,147.96,145.285,142.475,140.7,576.4200000000001,144.10500000000002,1.0,144.10500000000002,431,-286.895,LOW,864.6300000000001,LOW,0.2083671267827204,HEALTHY,Dining,Tray,3799,6078,0.5395371430554109,0.0
2025-12-31,SKU317,338,115,5,86,31,137.435,135.545,139.3,166.215,578.495,144.62375,0.7142857142857143,103.30267857142856,453,-349.6973214285714,LOW,867.7425000000001,LOW,0.3304297230426466,HEALTHY,Dining,Glass Set,1772,2835,0.5842747128324359,0.0
2025-12-31,SKU343,92,114,14,78,35,131.075,136.075,146.045,142.12,555.3149999999999,138.82875,2.0,277.6575,206,71.65749999999997,HIGH,832.9724999999999,LOW,0.2499338426749881,REORDER NOW,Dining,Tray,5031,8049,0.1656717358616281,576771.2174999998
2025-12-31,SKU330,419,70,14,104,50,143.605,135.435,130.695,144.93,554.665,138.66625,2.0,277.3325,489,-211.6675,LOW,831.9975,LOW,0.3094850647117735,HEALTHY,Dining,Bottle,7394,11830,0.7554109237107083,0.0
2025-12-31,SKU344,66,72,7,89,41,144.78,141.75,131.88,146.715,565.125,141.28125,1.0,141.28125,138,3.28125,HIGH,847.6875,LOW,0.176707943736391,REORDER NOW,Dining,Bottle,7471,11953,0.11678832116788321,39220.78125
2025-12-31,SKU358,46,119,5,102,11,135.375,146.185,143.335,147.15,572.045,143.01125,0.7142857142857143,102.15089285714284,165,-62.84910714285715,LOW,858.0674999999999,LOW,0.3398432166342354,WATCH/VOLATILE,Bathroom,Towel,6378,10204,0.08041325420202956,0.0
2025-12-31,SKU346,402,83,5,52,28,139.91,136.475,144.005,147.84,568.23,142.0575,0.7142857142857143,101.46964285714286,485,-383.5303571428572,LOW,852.345,LOW,0.2871524106528754,HEALTHY,Dining,Dinner Set,6139,9822,0.7074600073913732,0.0
2025-12-31,SKU315,426,77,10,98,50,151.365,139.345,142.475,144.29,577.475,144.36875,1.4285714285714286,206.24107142857144,503,-296.75892857142856,LOW,866.2125000000001,LOW,0.3024886934766783,HEALTHY,Dining,Dinner Set,4483,7172,0.7376942724793281,0.0
2025-12-31,SKU373,393,19,7,119,35,139.825,131.68,141.565,164.01,577.0799999999999,144.26999999999998,1.0,144.26999999999998,412,-267.73,LOW,865.6199999999999,LOW,0.30275489090056,HEALTHY,Bathroom,Towel,5116,8185,0.6810147639841964,0.0
2025-12-31,SKU372,475,74,5,64,12,142.24,142.77,148.82,138.35,572.18,143.045,0.7142857142857143,102.175,549,-446.825,LOW,858.27,LOW,0.2897001693256557,HEALTHY,Bathroom,Bath Mat,2205,3528,0.8301583417805586,0.0
2025-12-31,SKU371,78,39,7,118,48,135.045,139.315,125.855,139.495,539.71,134.9275,1.0,134.9275,117,17.92750000000001,HIGH,809.565,LOW,0.2947117051321365,REORDER NOW,Bathroom,Shower Curtain,2375,3800,0.14452205814233568,68124.50000000003
2025-12-31,SKU370,170,36,7,36,44,144.415,142.45,136.545,151.765,575.175,143.79375,1.0,143.79375,206,-62.20625000000001,LOW,862.7624999999999,LOW,0.3204818861919285,HEALTHY,Bathroom,Shower Curtain,4914,7862,0.2955622201938541,0.0
2025-12-31,SKU369,288,69,5,85,57,147.695,128.655,140.615,156.105,573.07,143.2675,0.7142857142857143,102.3339285714286,357,-254.6660714285714,LOW,859.605,LOW,0.2863068633512039,HEALTHY,Bathroom,Towel,973,1556,0.5025564067216919,0.0
2025-12-31,SKU368,120,83,7,82,15,149.155,144.415,161.83,142.39,597.79,149.4475,1.0,149.4475,203,-53.55250000000001,LOW,896.685,LOW,0.223037535887435,HEALTHY,Bathroom,Bath Mat,6651,10641,0.2007393900868198,0.0
2025-12-31,SKU367,94,123,3,65,31,139.845,139.545,143.36,156.085,578.835,144.70875,0.4285714285714285,62.01803571428572,217,-154.9819642857143,LOW,868.2525,LOW,0.2981246802786246,HEALTHY,Bathroom,Soap Dispenser,2428,3884,0.16239515578705502,0.0
2025-12-31,SKU366,301,6,14,56,39,146.515,144.3,152.96,138.705,582.48,145.62,2.0,291.24,307,-15.759999999999993,LOW,873.72,LOW,0.2865090211781569,HEALTHY,Bathroom,Soap Dispenser,4189,6702,0.5167559401181157,0.0
2025-12-31,SKU365,56,19,10,77,54,133.585,130.73,144.245,128.93,537.49,134.3725,1.4285714285714286,191.9607142857143,75,116.96071428571427,HIGH,806.235,LOW,0.1754393288381196,REORDER NOW,Bathroom,Towel,2487,3979,0.10418798489274218,465386.6821428571
2025-12-31,SKU364,489,6,10,31,18,141.745,146.985,145.775,134.12,568.625,142.15625,1.4285714285714286,203.08035714285717,495,-291.9196428571429,LOW,852.9375,LOW,0.2348189494564332,HEALTHY,Bathroom,Soap Dispenser,2465,3944,0.8599692240052759,0.0
2025-12-31,SKU363,53,147,5,81,15,130.675,138.36,145.965,126.39,541.39,135.3475,0.7142857142857143,96.67678571428571,200,-103.32321428571429,LOW,812.085,LOW,0.2843168413770309,HEALTHY,Bathroom,Bath Mat,5868,9388,0.09789615619054656,0.0
2025-12-31,SKU362,126,120,7,36,56,135.99,140.24,125.68,138.075,539.985,134.99625,1.0,134.99625,246,-111.00375,LOW,809.9775,LOW,0.3372371202046395,WATCH/VOLATILE,Bathroom,Mirror,7426,11881,0.23333981499486095,0.0
2025-12-31,SKU361,397,8,7,100,50,142.805,145.72,141.065,147.41,577.0,144.25,1.0,144.25,405,-260.75,LOW,865.5,LOW,0.2799634977505766,HEALTHY,Bathroom,Bath Mat,1579,2526,0.6880415944540728,0.0
2025-12-31,SKU360,48,63,7,68,28,145.245,126.945,127.635,142.61,542.435,135.60875,1.0,135.60875,111,24.608749999999983,HIGH,813.6524999999999,LOW,0.364290145466363,REORDER NOW,Bathroom,Mirror,1907,3051,0.0884898651451326,75081.29624999994
2025-12-31,SKU359,422,114,14,82,60,135.27,139.195,139.4,163.06,576.925,144.23125,2.0,288.4625,536,-247.5375,LOW,865.3874999999999,LOW,0.273945343713573,HEALTHY,Bathroom,Soap Dispenser,2364,3782,0.7314642284525719,0.0
2025-12-31,SKU357,10,103,14,81,52,127.12,137.14,128.32,148.88,541.46,135.365,2.0,270.73,113,157.73000000000002,HIGH,812.19,LOW,0.1919421582415655,REORDER NOW,Bathroom,Bath Mat,7854,12566,0.018468584937022123,1982035.1800000002
2025-12-31,SKU356,12,111,7,39,55,143.835,146.97,146.11,134.38,571.2950000000001,142.82375000000002,1.0,142.82375000000002,123,19.823750000000015,HIGH,856.9425000000001,LOW,0.239598306493183,REORDER NOW,Bathroom,Soap Dispenser,1416,2265,0.021004909897688582,44900.79375000003
2025-12-31,SKU355,108,22,5,46,10,149.95,140.21,147.555,133.235,570.95,142.7375,0.7142857142857143,101.95535714285715,130,-28.044642857142847,LOW,856.4250000000001,LOW,0.2532994011376921,HEALTHY,Bathroom,Towel,6375,10200,0.18915842017689813,0.0
2025-12-31,SKU354,440,93,3,84,39,143.325,146.555,144.73,129.645,564.255,141.06375,0.4285714285714285,60.45589285714286,533,-472.5441071428571,LOW,846.3824999999999,LOW,0.2380282800998659,HEALTHY,Bathroom,Shower Curtain,3005,4808,0.779789279669653,0.0
2025-12-31,SKU353,307,71,5,98,53,131.74,144.39,134.83,142.6,553.5600000000001,138.39,0.7142857142857143,98.85,378,-279.15,LOW,830.3400000000001,LOW,0.1955474891290486,HEALTHY,Bathroom,Shower Curtain,3203,5124,0.5545920948045379,0.0
2025-12-31,SKU352,425,132,7,78,60,153.035,132.48,135.64,153.39,574.545,143.63625,1.0,143.63625,557,-413.36375,LOW,861.8174999999999,LOW,0.3437588907556219,WATCH/VOLATILE,Bathroom,Shower Curtain,1450,2320,0.7397157750915943,0.0
2025-12-31,SKU351,277,11,14,48,43,143.365,136.07,138.3,147.66,565.395,141.34875,2.0,282.6975,288,-5.302500000000009,LOW,848.0925,LOW,0.2618855939629885,HEALTHY,Bathroom,Soap Dispenser,307,491,0.4899229742038752,0.0
2025-12-31,SKU350,104,23,7,110,40,131.565,130.36,133.195,142.23,537.35,134.3375,1.0,134.3375,127,7.337500000000006,HIGH,806.0250000000001,LOW,0.2736938332750541,REORDER NOW,Dining,Cutlery,5876,9401,0.19354238392109424,68979.83750000005
2025-12-31,SKU349,249,34,5,53,38,135.415,136.36,131.58,139.34,542.695,135.67375,0.7142857142857143,96.90982142857143,283,-186.09017857142857,LOW,814.0425,LOW,0.250390020128404,HEALTHY,Dining,Bottle,4596,7353,0.45882125319009753,0.0
2025-12-31,SKU348,13,89,7,46,18,146.71,145.73,134.215,149.105,575.76,143.94,1.0,143.94,102,41.94,HIGH,863.64,LOW,0.2048172682629196,REORDER NOW,Dining,Glass Set,5372,8595,0.022578852299569265,360474.3
2025-12-31,SKU347,235,136,10,111,57,152.63,144.28,149.02,136.535,582.4649999999999,145.61624999999998,1.4285714285714286,208.02321428571423,371,-162.97678571428574,LOW,873.6974999999999,LOW,0.2952861169408485,HEALTHY,Dining,Dinner Set,3476,5561,0.40345771848952305,0.0
2025-12-31,SKU345,35,65,10,71,41,127.51,139.315,148.955,138.285,554.0649999999999,138.51625,1.4285714285714286,197.88035714285712,100,97.88035714285712,HIGH,831.0974999999999,LOW,0.2803172268611439,REORDER NOW,Dining,Cutlery,7103,11364,0.06316948372483373,1112312.3785714284
2025-12-31,SKU314,197,1,10,79,44,136.23,144.43,134.31,152.915,567.885,141.97125,1.4285714285714286,202.81607142857143,198,4.816071428571433,HIGH,851.8275,LOW,0.3552345109308741,REORDER NOW,Dining,Glass Set,7787,12459,0.3469012211979538,60003.43392857149
2025-12-31,SKU252,321,79,7,82,30,133.845,141.945,137.895,148.8,562.4849999999999,140.62124999999995,1.0,140.62124999999995,400,-259.37875,LOW,843.7274999999998,LOW,0.3644853183223595,WATCH/VOLATILE,Bedding,Pillow,7452,11923,0.5706818848502627,0.0
2025-12-31,SKU312,93,26,7,96,17,124.485,139.325,129.885,141.415,535.11,133.7775,1.0,133.7775,119,14.777500000000003,HIGH,802.665,LOW,0.2180582934035601,REORDER NOW,Dining,Tray,204,326,0.17379604193530301,4817.465000000001
2025-12-31,SKU279,29,12,7,31,25,124.385,150.175,145.85,140.155,560.5649999999999,140.14125,1.0,140.14125,41,99.14125,HIGH,840.8474999999999,LOW,0.206113188151727,REORDER NOW,Bedding,Bedsheet,5823,9316,0.05173351886043546,923599.885
2025-12-31,SKU278,252,33,10,107,48,141.955,135.65,139.075,145.4,562.08,140.52,1.4285714285714286,200.7428571428572,285,-84.25714285714284,LOW,843.1200000000001,LOW,0.2420931418173775,HEALTHY,Bedding,Pillow,3360,5376,0.44833475661827493,0.0
2025-12-31,SKU277,472,88,10,120,11,136.78,134.815,134.515,142.5,548.61,137.1525,1.4285714285714286,195.93214285714288,560,-364.0678571428571,LOW,822.915,LOW,0.3278045921257844,HEALTHY,Bedding,Comforter,885,1416,0.8603561728732615,0.0
2025-12-31,SKU276,55,50,7,83,43,131.755,131.02,134.67,141.56,539.0049999999999,134.75124999999997,1.0,134.75124999999997,105,29.75124999999997,HIGH,808.5074999999998,LOW,0.2251525494785361,REORDER NOW,Bedding,Mattress,7189,11502,0.1020398697600208,342198.87749999965
2025-12-31,SKU275,391,78,3,67,38,139.97,143.13,132.135,147.61,562.845,140.71125,0.4285714285714285,60.30482142857143,469,-408.6951785714286,LOW,844.2675,LOW,0.2856534350689111,HEALTHY,Bedding,Blanket,4065,6504,0.69468503762137,0.0
2025-12-31,SKU274,264,91,7,88,28,139.995,137.355,139.96,156.675,573.9850000000001,143.49625000000003,1.0,143.49625000000003,355,-211.50375,LOW,860.9775000000002,LOW,0.3353609477854078,WATCH/VOLATILE,Bedding,Mattress,7279,11646,0.45994233298779574,0.0
2025-12-31,SKU273,44,18,3,90,42,143.715,143.665,129.165,145.755,562.3,140.575,0.4285714285714285,60.24642857142857,62,-1.7535714285714334,LOW,843.4499999999999,LOW,0.2026617959909028,HEALTHY,Bedding,Bedsheet,3056,4889,0.07825004446025254,0.0
2025-12-31,SKU272,137,126,5,77,60,140.555,141.8,138.275,133.615,554.245,138.56125,0.7142857142857143,98.97232142857143,263,-164.02767857142857,LOW,831.3675000000001,LOW,0.2235426687823748,HEALTHY,Bedding,Blanket,231,369,0.24718310494456422,0.0
2025-12-31,SKU271,277,66,3,85,57,146.485,135.845,146.4,158.155,586.885,146.72125,0.4285714285714285,62.88053571428571,343,-280.1194642857143,LOW,880.3275,LOW,0.3431477782893914,WATCH/VOLATILE,Bedding,Comforter,830,1328,0.4719834379818874,0.0
2025-12-31,SKU270,221,54,5,71,49,132.07,133.54,127.865,145.365,538.84,134.71,0.7142857142857143,96.22142857142858,275,-178.7785714285714,LOW,808.26,LOW,0.2594003048413439,HEALTHY,Bedding,Bedsheet,2509,4014,0.41014030138816715,0.0
2025-12-31,SKU269,487,105,7,110,49,134.61,148.435,150.405,139.76,573.21,143.3025,1.0,143.3025,592,-448.6975,LOW,859.815,LOW,0.2179123849287665,HEALTHY,Bedding,Mattress,4492,7187,0.8496013677360827,0.0
2025-12-31,SKU268,481,25,5,68,59,144.015,148.245,151.535,141.78,585.5749999999999,146.39374999999998,0.7142857142857143,104.56696428571428,506,-401.4330357142857,LOW,878.3625,LOW,0.2888988506365805,HEALTHY,Bedding,Blanket,7366,11785,0.8214148486530335,0.0
2025-12-31,SKU267,196,12,10,100,56,135.075,146.15,144.91,138.16,564.295,141.07375,1.4285714285714286,201.53392857142856,208,-6.466071428571439,LOW,846.4424999999999,LOW,0.2939899934873017,HEALTHY,Bedding,Mattress,1228,1964,0.3473360564952729,0.0
2025-12-31,SKU266,118,110,5,61,50,143.58,139.665,143.395,133.385,560.025,140.00625,0.7142857142857143,100.00446428571428,228,-127.99553571428572,LOW,840.0374999999999,LOW,0.2608660572206755,HEALTHY,Bedding,Mattress,3264,5222,0.21070487924646222,0.0
2025-12-31,SKU265,494,44,10,113,53,139.925,137.745,142.905,146.835,567.4100000000001,141.85250000000002,1.4285714285714286,202.6464285714286,538,-335.3535714285714,LOW,851.1150000000001,LOW,0.2775554280855947,HEALTHY,Bedding,Comforter,3489,5582,0.8706226538129394,0.0
2025-12-31,SKU264,38,54,7,56,58,143.11,143.65,148.12,133.975,568.855,142.21375,1.0,142.21375,92,50.213750000000005,HIGH,853.2825,LOW,0.2974156297480457,REORDER NOW,Bedding,Pillow,7188,11500,0.06680085434776876,577458.125
2025-12-31,SKU263,82,105,10,89,17,139.215,146.435,155.86,126.16,567.67,141.9175,1.4285714285714286,202.7392857142857,187,15.7392857142857,HIGH,851.5049999999999,LOW,0.2351916374183554,REORDER NOW,Bedding,Mattress,6084,9734,0.14445012066869836,153206.207142857
2025-12-31,SKU262,106,72,5,45,43,154.4,134.655,139.08,141.58,569.715,142.42875,0.7142857142857143,101.73482142857144,178,-76.26517857142856,LOW,854.5725,LOW,0.2413262613096202,HEALTHY,Bedding,Pillow,823,1316,0.1860579412513274,0.0
2025-12-31,SKU261,66,38,10,111,26,134.625,136.755,134.9,153.23,559.51,139.8775,1.4285714285714286,199.825,104,95.825,HIGH,839.265,LOW,0.2995197082349449,REORDER NOW,Bedding,Pillow,3608,5772,0.11796035817054208,553101.9
2025-12-31,SKU260,74,38,7,75,29,142.55,131.755,124.605,136.6,535.51,133.8775,1.0,133.8775,112,21.8775,HIGH,803.265,LOW,0.2301968896573301,REORDER NOW,Bedding,Pillow,5385,8616,0.13818602827211443,188496.54
2025-12-31,SKU259,180,88,3,107,30,145.86,134.93,119.685,147.715,548.19,137.0475,0.4285714285714285,58.73464285714286,268,-209.26535714285717,LOW,822.2850000000001,LOW,0.3551883730123337,WATCH/VOLATILE,Bedding,Comforter,950,1520,0.3283533081595797,0.0
2025-12-31,SKU258,396,100,10,66,57,139.76,139.545,136.91,150.475,566.6899999999999,141.6725,1.4285714285714286,202.3892857142857,496,-293.61071428571427,LOW,850.0349999999999,LOW,0.3021441495824454,HEALTHY,Bedding,Blanket,4359,6974,0.6987947555100673,0.0
2025-12-31,SKU257,258,104,10,116,32,144.84,137.38,139.23,143.07,564.52,141.13,1.4285714285714286,201.6142857142857,362,-160.3857142857143,LOW,846.78,LOW,0.2431409411655025,HEALTHY,Bedding,Pillow,5940,9504,0.45702543753985686,0.0
2025-12-31,SKU256,452,35,7,99,37,143.855,130.805,138.725,147.235,560.62,140.155,1.0,140.155,487,-346.845,LOW,840.9300000000001,LOW,0.2272623199964455,HEALTHY,Bedding,Blanket,2974,4758,0.8062502229674289,0.0
2025-12-31,SKU255,413,57,7,118,24,139.99,140.66,135.39,142.405,558.4449999999999,139.61124999999998,1.0,139.61124999999998,470,-330.38875,LOW,837.6674999999999,LOW,0.2334319480854154,HEALTHY,Bedding,Blanket,7582,12131,0.7395535818209493,0.0
2025-12-31,SKU254,311,70,7,66,34,136.555,139.53,123.87,147.585,547.5400000000001,136.88500000000002,1.0,136.88500000000002,381,-244.115,LOW,821.3100000000002,LOW,0.2622586113795305,HEALTHY,Bedding,Bedsheet,6450,10320,0.5679950323264052,0.0
2025-12-31,SKU253,483,140,7,41,57,139.77,131.615,136.75,140.61,548.745,137.18625,1.0,137.18625,623,-485.81375,LOW,823.1175000000001,LOW,0.2561271931854157,HEALTHY,Bedding,Mattress,6402,10243,0.8801902523029822,0.0
2025-12-31,SKU280,311,114,3,91,45,144.47,139.565,141.595,150.535,576.165,144.04125,0.4285714285714285,61.73196428571428,425,-363.2680357142857,LOW,864.2475,LOW,0.2781795692896227,HEALTHY,Bedding,Comforter,5749,9198,0.5397759322416322,0.0
2025-12-31,SKU281,194,91,14,114,22,139.43,144.11,144.41,146.045,573.995,143.49875,2.0,286.9975,285,1.9975000000000025,HIGH,860.9925000000001,LOW,0.2589084278458548,REORDER NOW,Bedding,Bedsheet,4196,6713,0.3379820381710642,13409.217500000017
2025-12-31,SKU282,19,16,5,78,17,132.78,131.365,133.395,132.655,530.1949999999999,132.54874999999998,0.7142857142857143,94.67767857142856,35,59.67767857142856,HIGH,795.2924999999999,LOW,0.3222103559680769,REORDER NOW,Bedding,Bedsheet,2466,3945,0.03583587170757929,235428.44196428565
2025-12-31,SKU283,181,127,5,32,39,139.17,144.52,145.19,129.97,558.85,139.7125,0.7142857142857143,99.79464285714286,308,-208.20535714285717,LOW,838.2750000000001,LOW,0.2315858596477063,HEALTHY,Bedding,Blanket,2360,3776,0.3238793951865438,0.0
2025-12-31,SKU311,325,96,14,78,31,138.605,139.535,130.51,149.6,558.25,139.5625,2.0,279.125,421,-141.875,LOW,837.375,LOW,0.2204138607208811,HEALTHY,Dining,Glass Set,2887,4619,0.5821764442454097,0.0
2025-12-31,SKU310,443,18,3,33,31,147.955,129.03,140.99,146.725,564.7,141.175,0.4285714285714285,60.50357142857143,461,-400.49642857142857,LOW,847.0500000000001,LOW,0.2839379156487278,HEALTHY,Dining,Dinner Set,470,752,0.784487338409775,0.0
2025-12-31,SKU309,325,54,10,113,21,142.17,140.57,142.52,140.71,565.97,141.4925,1.4285714285714286,202.13214285714287,379,-176.86785714285713,LOW,848.955,LOW,0.2371265966677072,HEALTHY,Dining,Glass Set,684,1094,0.5742353835008922,0.0
2025-12-31,SKU308,32,13,7,113,20,126.05,143.545,151.4,131.665,552.66,138.165,1.0,138.165,45,93.165,HIGH,828.99,LOW,0.1903884351667859,REORDER NOW,Dining,Cutlery,6875,11000,0.05790178409872254,1024815.0000000001
2025-12-31,SKU307,102,68,5,93,39,131.365,136.165,121.765,137.49,526.785,131.69625,0.7142857142857143,94.06875,170,-75.93125,LOW,790.1775,LOW,0.2617274939553447,HEALTHY,Dining,Glass Set,7421,11873,0.19362738118966943,0.0
2025-12-31,SKU306,121,133,5,93,18,131.59,134.995,144.81,137.37,548.7650000000001,137.19125000000005,0.7142857142857143,97.99375000000002,254,-156.00624999999997,LOW,823.1475000000002,LOW,0.2429700719020949,HEALTHY,Dining,Glass Set,7642,12227,0.2204951117509316,0.0
2025-12-31,SKU305,208,75,3,56,33,146.9,129.9,140.73,155.83,573.36,143.34,0.4285714285714285,61.43142857142857,283,-221.56857142857143,LOW,860.04,LOW,0.2749987255915959,HEALTHY,Dining,Glass Set,492,787,0.3627738244732803,0.0
2025-12-31,SKU304,411,137,3,42,60,134.41,135.345,148.03,139.55,557.335,139.33375,0.4285714285714285,59.714464285714286,548,-488.28553571428574,LOW,836.0025,LOW,0.295131841612457,HEALTHY,Dining,Bottle,5655,9048,0.7374379861304242,0.0
2025-12-31,SKU303,194,83,7,37,51,157.275,150.58,138.36,114.445,560.6600000000001,140.16500000000002,1.0,140.16500000000002,277,-136.83499999999998,LOW,840.9900000000001,LOW,0.2551022817626503,HEALTHY,Dining,Bottle,4506,7209,0.3460207612456747,0.0
2025-12-31,SKU302,92,36,10,54,56,125.56,145.55,135.865,156.52,563.495,140.87375,1.4285714285714286,201.24821428571428,128,73.24821428571428,HIGH,845.2425000000001,LOW,0.2888256037916841,REORDER NOW,Dining,Dinner Set,7795,12472,0.1632667548070524,913551.7285714286
2025-12-31,SKU301,214,12,14,38,39,149.58,136.92,144.62,124.065,555.185,138.79625,2.0,277.5925,226,51.59249999999997,HIGH,832.7774999999999,LOW,0.2223267367600241,REORDER NOW,Dining,Glass Set,7920,12672,0.38545709988562377,653780.1599999997
2025-12-31,SKU300,236,22,7,78,36,148.37,145.36,140.74,149.335,583.8050000000001,145.95125000000002,1.0,145.95125000000002,258,-112.04874999999998,LOW,875.7075000000001,LOW,0.3384698141082862,WATCH/VOLATILE,Bedding,Bedsheet,1089,1742,0.40424456796361796,0.0
2025-12-31,SKU299,453,35,10,51,29,127.95,145.73,139.565,149.465,562.71,140.6775,1.4285714285714286,200.9678571428572,488,-287.03214285714284,LOW,844.065,LOW,0.2785363467593049,HEALTHY,Bedding,Mattress,7317,11707,0.8050327877592365,0.0
2025-12-31,SKU313,325,145,14,48,56,130.215,126.975,131.485,139.235,527.9100000000001,131.97750000000002,2.0,263.95500000000004,470,-206.045,LOW,791.8650000000001,LOW,0.3356401461629251,WATCH/VOLATILE,Dining,Bottle,2217,3547,0.6156352408554487,0.0
2025-12-31,SKU298,287,63,3,96,27,145.25,142.59,139.54,154.08,581.46,145.365,0.4285714285714285,62.29928571428572,350,-287.7007142857143,LOW,872.19,LOW,0.3565799031743382,WATCH/VOLATILE,Bedding,Pillow,5217,8347,0.49358511333539706,0.0
2025-12-31,SKU296,370,14,5,48,23,135.69,135.825,139.345,138.645,549.505,137.37625,0.7142857142857143,98.12589285714286,384,-285.8741071428572,LOW,824.2574999999999,LOW,0.2544202362646227,HEALTHY,Bedding,Mattress,5250,8400,0.6733332726726782,0.0
2025-12-31,SKU295,181,104,5,41,39,139.175,135.255,138.105,139.915,552.4499999999999,138.11249999999998,0.7142857142857143,98.65178571428572,285,-186.34821428571428,LOW,828.675,LOW,0.1971066102057888,HEALTHY,Bedding,Blanket,1190,1904,0.3276314598606209,0.0
2025-12-31,SKU294,103,127,5,111,20,156.075,138.15,137.825,148.545,580.595,145.14875,0.7142857142857143,103.67767857142856,230,-126.32232142857144,LOW,870.8925,LOW,0.3328216184221641,HEALTHY,Bedding,Comforter,3525,5640,0.177404214641876,0.0
2025-12-31,SKU293,438,7,3,41,46,148.715,137.89,136.265,144.795,567.665,141.91625,0.4285714285714285,60.82124999999999,445,-384.17875,LOW,851.4975,LOW,0.26811413250071,HEALTHY,Bedding,Pillow,7363,11780,0.771581830833326,0.0
2025-12-31,SKU292,142,126,10,66,57,136.63,136.455,128.965,141.335,543.3850000000001,135.84625000000003,1.4285714285714286,194.06607142857143,268,-73.93392857142854,LOW,815.0775000000001,LOW,0.2908338943536037,HEALTHY,Bedding,Bedsheet,6808,10892,0.2613248433431176,0.0
2025-12-31,SKU291,30,50,5,80,52,143.385,146.92,142.67,153.675,586.6499999999999,146.66249999999997,0.7142857142857143,104.75892857142856,80,24.758928571428555,HIGH,879.9749999999998,LOW,0.3235454878754055,REORDER NOW,Bedding,Blanket,2820,4512,0.05113781641523908,111712.28571428564
2025-12-31,SKU290,216,111,3,90,56,131.11,141.825,132.22,141.67,546.8249999999999,136.70624999999998,0.4285714285714285,58.58839285714285,327,-268.4116071428572,LOW,820.2375,LOW,0.2608204639976113,HEALTHY,Bedding,Mattress,6979,11166,0.3950075435468386,0.0
2025-12-31,SKU289,362,109,14,59,59,139.37,136.305,144.04,153.41,573.125,143.28125,2.0,286.5625,471,-184.4375,LOW,859.6875,LOW,0.2803813367510566,HEALTHY,Bedding,Blanket,2119,3390,0.6316248636859324,0.0
2025-12-31,SKU288,479,70,14,67,46,146.065,137.07,125.58,140.515,549.23,137.3075,2.0,274.615,549,-274.385,LOW,823.845,LOW,0.2449657727776749,HEALTHY,Bedding,Pillow,5714,9142,0.8721300730113067,0.0
2025-12-31,SKU287,350,91,14,34,24,141.105,140.85,144.035,135.005,560.995,140.24875,2.0,280.4975,441,-160.5025,LOW,841.4925000000001,LOW,0.2630146033296971,HEALTHY,Bedding,Blanket,4734,7574,0.6238914785336768,0.0
2025-12-31,SKU286,219,134,7,39,25,141.09,137.485,139.7,148.405,566.6800000000001,141.67000000000002,1.0,141.67000000000002,353,-211.33,LOW,850.0200000000001,LOW,0.3189243139194851,HEALTHY,Bedding,Bedsheet,5524,8838,0.38646149502364646,0.0
2025-12-31,SKU285,24,93,7,104,11,148.905,127.855,130.97,142.125,549.855,137.46375,1.0,137.46375,117,20.463750000000005,HIGH,824.7825,LOW,0.2486170970788304,REORDER NOW,Bedding,Pillow,1692,2707,0.043647870802302424,55395.37125000001
2025-12-31,SKU284,218,33,10,88,41,141.89,138.09,143.21,139.91,563.1,140.775,1.4285714285714286,201.1071428571429,251,-49.89285714285714,LOW,844.6500000000001,LOW,0.2571422063964342,HEALTHY,Bedding,Bedsheet,1792,2867,0.38714260344521395,0.0
2025-12-31,SKU297,385,9,14,63,36,150.265,138.98,138.845,149.785,577.875,144.46875,2.0,288.9375,394,-105.0625,LOW,866.8125,LOW,0.3334692631693607,HEALTHY,Bedding,Mattress,5983,9572,0.6662340471555267,0.0
2025-12-31,SKU374,199,19,7,92,57,144.755,135.84,132.23,138.47,551.2950000000001,137.82375000000002,1.0,137.82375000000002,218,-80.17624999999998,LOW,826.9425000000001,LOW,0.3884476407116832,WATCH/VOLATILE,Bathroom,Mirror,4252,6803,0.3609682656291096,0.0
2025-12-31,SKU498,405,149,10,36,56,142.885,143.81,141.32,141.595,569.61,142.4025,1.4285714285714286,203.43214285714288,554,-350.5678571428571,LOW,854.415,LOW,0.1663264178446799,HEALTHY,Electronics,Fan,654,1046,0.7110127982303681,0.0
2025-12-31,SKU376,195,102,3,54,51,138.93,128.55,131.965,144.64,544.085,136.02125,0.4285714285714285,58.29482142857143,297,-238.70517857142855,LOW,816.1275,LOW,0.2568437750987431,HEALTHY,Bathroom,Towel,4904,7846,0.35839988237132064,0.0
2025-12-31,SKU466,424,101,5,40,32,155.105,136.73,143.94,136.11,571.885,142.97125,0.7142857142857143,102.12232142857142,525,-422.8776785714286,LOW,857.8275,LOW,0.2766839676862827,HEALTHY,Electronics,Fan,3225,5160,0.7414078005193352,0.0
2025-12-31,SKU465,195,65,3,63,38,130.1,135.93,136.79,151.71,554.53,138.6325,0.4285714285714285,59.41392857142856,260,-200.58607142857144,LOW,831.795,LOW,0.2842134838668843,HEALTHY,Electronics,Camera,5212,8339,0.3516491443204155,0.0
2025-12-31,SKU464,393,21,14,108,47,136.87,129.91,132.31,142.25,541.3399999999999,135.33499999999998,2.0,270.67,414,-143.33000000000004,LOW,812.0099999999999,LOW,0.1987961454684222,HEALTHY,Electronics,Speaker,5104,8166,0.7259762810802823,0.0
2025-12-31,SKU463,87,102,10,56,53,144.93,134.935,140.265,151.12,571.25,142.8125,1.4285714285714286,204.01785714285717,189,15.01785714285714,HIGH,856.875,LOW,0.2413728052990396,REORDER NOW,Electronics,Fan,4472,7155,0.15229759299781181,107452.76785714284
2025-12-31,SKU462,378,125,7,48,49,148.62,135.88,136.805,151.52,572.825,143.20625,1.0,143.20625,503,-359.79375,LOW,859.2375000000001,LOW,0.2735787518072414,HEALTHY,Electronics,Speaker,3300,5280,0.6598874001658447,0.0
2025-12-31,SKU461,420,96,14,93,11,115.29,138.07,135.555,133.125,522.04,130.51,2.0,261.02,516,-254.98,LOW,783.06,LOW,0.2039687826184866,HEALTHY,Electronics,Smart Plug,475,760,0.8045360508773275,0.0
2025-12-31,SKU460,173,150,14,90,53,144.495,143.805,138.195,148.055,574.55,143.6375,2.0,287.275,323,-35.72500000000002,LOW,861.8249999999999,LOW,0.3005291235922157,HEALTHY,Electronics,Vacuum,3861,6177,0.3011052127752154,0.0
2025-12-31,SKU459,449,0,10,67,48,135.24,145.05,129.305,154.87,564.465,141.11625,1.4285714285714286,201.59464285714287,449,-247.40535714285716,LOW,846.6975,LOW,0.3608270273278658,WATCH/VOLATILE,Electronics,Speaker,3213,5140,0.795443473023128,0.0
2025-12-31,SKU458,164,4,3,101,24,143.51,135.92,125.13,141.17,545.7299999999999,136.43249999999998,0.4285714285714285,58.47107142857141,168,-109.5289285714286,LOW,818.5949999999998,LOW,0.2608341556619263,HEALTHY,Electronics,Vacuum,7341,11745,0.30051490663881414,0.0
2025-12-31,SKU457,487,131,14,43,11,130.93,131.86,140.07,147.445,550.3050000000001,137.57625000000002,2.0,275.15250000000003,618,-342.8475,LOW,825.4575000000001,LOW,0.2949032553722568,HEALTHY,Electronics,Smart Plug,903,1444,0.8849637928058076,0.0
2025-12-31,SKU456,109,59,10,64,13,122.92,148.505,144.79,139.875,556.09,139.0225,1.4285714285714286,198.60357142857143,168,30.603571428571456,HIGH,834.135,LOW,0.1995992437706446,REORDER NOW,Electronics,Fan,5718,9148,0.19601143699760828,279961.4714285717
2025-12-31,SKU455,86,77,14,77,42,144.545,137.53,147.075,125.91,555.06,138.765,2.0,277.53,163,114.52999999999996,HIGH,832.5899999999999,LOW,0.2329374736210614,REORDER NOW,Electronics,Fan,4202,6723,0.15493820487875187,769985.1899999997
2025-12-31,SKU454,328,71,10,83,45,132.34,140.445,131.85,146.13,550.765,137.69125,1.4285714285714286,196.7017857142857,399,-202.2982142857143,LOW,826.1475,LOW,0.2205263354113391,HEALTHY,Electronics,Camera,2029,3246,0.5955353008996578,0.0
2025-12-31,SKU453,400,36,3,81,32,138.425,139.005,134.015,156.13,567.575,141.89375,0.4285714285714285,60.81160714285714,436,-375.1883928571429,LOW,851.3625000000001,LOW,0.2752010887530085,HEALTHY,Electronics,Camera,660,1056,0.7047526758578161,0.0
2025-12-31,SKU452,270,123,14,50,59,144.515,139.775,143.08,162.89,590.26,147.565,2.0,295.13,393,-97.87,LOW,885.39,LOW,0.3863721164616848,WATCH/VOLATILE,Electronics,Fan,4498,7196,0.4574255412868905,0.0
2025-12-31,SKU451,229,118,7,103,35,142.895,150.42,138.315,137.285,568.915,142.22875,1.0,142.22875,347,-204.77125,LOW,853.3725,LOW,0.165824269224224,HEALTHY,Electronics,Fan,1924,3078,0.40252058743397523,0.0
2025-12-31,SKU450,382,77,14,56,17,139.69,147.605,141.045,136.59,564.93,141.2325,2.0,282.465,459,-176.53500000000005,LOW,847.395,LOW,0.2158307693131741,HEALTHY,Garden,Water Can,5767,9227,0.6761899704388155,0.0
2025-12-31,SKU449,317,30,14,56,26,134.085,122.24,137.885,135.89,530.0999999999999,132.52499999999998,2.0,265.04999999999995,347,-81.95000000000005,LOW,795.1499999999999,LOW,0.3311772334244119,HEALTHY,Garden,Pot,4586,7337,0.5980003772873044,0.0
2025-12-31,SKU448,211,47,7,102,10,133.46,139.58,128.43,151.315,552.7850000000001,138.19625000000002,1.0,138.19625000000002,258,-119.80374999999998,LOW,829.1775000000001,LOW,0.2527819101590939,HEALTHY,Garden,Water Can,767,1227,0.3817035556319364,0.0
2025-12-31,SKU447,135,90,10,33,15,143.24,139.71,137.265,149.095,569.3100000000001,142.3275,1.4285714285714286,203.325,225,-21.674999999999983,LOW,853.9650000000001,LOW,0.2982437284319062,HEALTHY,Garden,Planter,316,505,0.23712915634715706,0.0
2025-12-31,SKU446,273,41,14,77,13,139.775,131.82,150.15,133.47,555.215,138.80375,2.0,277.6075,314,-36.392499999999984,LOW,832.8225,LOW,0.1646443081637016,HEALTHY,Garden,Water Can,6295,10072,0.4917014129661482,0.0
2025-12-31,SKU445,158,36,10,36,44,142.995,145.17,155.37,135.345,578.88,144.72,1.4285714285714286,206.74285714285716,194,12.742857142857131,HIGH,868.3199999999999,LOW,0.2469434384506798,REORDER NOW,Garden,Water Can,3850,6160,0.27294085129906026,78495.99999999993
2025-12-31,SKU444,480,150,10,42,59,140.315,137.23,144.795,144.825,567.165,141.79125,1.4285714285714286,202.55892857142857,630,-427.4410714285714,LOW,850.7475,LOW,0.2539383563504002,HEALTHY,Garden,Garden Tool,3450,5520,0.8463145645447092,0.0
2025-12-31,SKU443,34,109,3,59,51,137.435,140.12,119.005,139.625,536.185,134.04625,0.4285714285714285,57.44839285714285,143,-85.55160714285715,LOW,804.2774999999999,LOW,0.3091054471460461,HEALTHY,Garden,Pot,4716,7545,0.06341094957896995,0.0
2025-12-31,SKU442,92,119,3,63,31,135.71,135.28,141.365,141.92,554.275,138.56875,0.4285714285714285,59.38660714285714,211,-151.61339285714286,LOW,831.4124999999999,LOW,0.2639038903939793,HEALTHY,Garden,Pot,4663,7460,0.16598258986964956,0.0
2025-12-31,SKU441,12,47,3,90,44,139.965,141.08,152.195,137.72,570.96,142.74,0.4285714285714285,61.17428571428572,59,2.174285714285716,HIGH,856.44,LOW,0.2511260390542403,REORDER NOW,Garden,Pot,5290,8464,0.02101723413198823,18403.154285714303
2025-12-31,SKU440,59,79,10,84,50,138.91,130.99,132.24,134.965,537.105,134.27625,1.4285714285714286,191.8232142857143,138,53.8232142857143,HIGH,805.6575,LOW,0.3538463110732111,REORDER NOW,Garden,Planter,2718,4348,0.10984816749052792,234023.3357142858
2025-12-31,SKU467,446,67,7,55,59,134.98,141.73,130.22,142.225,549.155,137.28875,1.0,137.28875,513,-375.71125,LOW,823.7325,LOW,0.2433990776972321,HEALTHY,Electronics,Camera,5502,8803,0.81215685917455,0.0
2025-12-31,SKU468,20,149,14,114,42,140.38,137.285,140.48,148.44,566.585,141.64625,2.0,283.2925,169,114.29250000000002,HIGH,849.8775,LOW,0.2595741051637101,REORDER NOW,Electronics,Fan,6880,11008,0.035299204885409954,1258131.8400000003
2025-12-31,SKU469,89,79,7,111,19,150.98,134.72,134.73,147.68,568.1099999999999,142.02749999999995,1.0,142.02749999999995,168,-25.972500000000025,LOW,852.1649999999998,LOW,0.3274770886716809,HEALTHY,Electronics,Speaker,722,1155,0.15665980179894742,0.0
2025-12-31,SKU470,208,70,14,108,28,127.915,136.495,131.33,140.49,536.23,134.0575,2.0,268.115,278,-9.884999999999993,LOW,804.345,LOW,0.2952468209961881,HEALTHY,Electronics,Speaker,6068,9708,0.3878932547600843,0.0
2025-12-31,SKU251,310,20,3,48,32,146.785,131.4,126.155,142.405,546.745,136.68625,0.4285714285714285,58.57982142857143,330,-271.4201785714285,LOW,820.1175000000001,LOW,0.2301852017418132,HEALTHY,Bedding,Mattress,5057,8091,0.5669919249375852,0.0
2025-12-31,SKU497,426,109,3,52,27,135.565,145.815,146.735,140.81,568.925,142.23125,0.4285714285714285,60.95624999999999,535,-474.04375,LOW,853.3874999999999,LOW,0.2089274326477772,HEALTHY,Electronics,Camera,3464,5542,0.7487805949817639,0.0
2025-12-31,SKU496,186,87,10,55,26,142.85,132.015,125.67,145.475,546.01,136.5025,1.4285714285714286,195.00357142857143,273,-77.99642857142857,LOW,819.015,LOW,0.2557632348073445,HEALTHY,Electronics,Smart Plug,6243,9988,0.34065310159154594,0.0
2025-12-31,SKU495,81,79,14,31,18,143.495,129.03,141.405,156.87,570.8,142.7,2.0,285.4,160,125.39999999999998,HIGH,856.1999999999999,LOW,0.3146703614225241,REORDER NOW,Electronics,Speaker,7097,11355,0.14190609670637702,1423916.9999999998
2025-12-31,SKU494,239,5,10,92,10,148.31,135.42,139.15,142.085,564.965,141.24125,1.4285714285714286,201.7732142857143,244,-42.22678571428571,LOW,847.4475,LOW,0.2642579352454831,HEALTHY,Electronics,Camera,1831,2929,0.42303505526891044,0.0
2025-12-31,SKU493,229,102,3,99,29,146.145,141.505,145.955,139.715,573.32,143.33,0.4285714285714285,61.42714285714286,331,-269.5728571428571,LOW,859.98,LOW,0.323553660275503,HEALTHY,Electronics,Camera,1515,2424,0.3994278936719458,0.0
2025-12-31,SKU492,398,120,7,74,21,153.4,139.96,137.26,154.75,585.37,146.3425,1.0,146.3425,518,-371.6575,LOW,878.0550000000001,LOW,0.3327111863221572,HEALTHY,Electronics,Speaker,3128,5004,0.6799118506243914,0.0
2025-12-31,SKU491,386,105,7,107,12,146.23,128.655,138.03,137.98,550.895,137.72375,1.0,137.72375,491,-353.27625,LOW,826.3425,LOW,0.2375561431989821,HEALTHY,Electronics,Smart Plug,6233,9972,0.7006779876382977,0.0
2025-12-31,SKU490,88,30,7,82,52,151.11,130.78,120.985,138.205,541.08,135.27,1.0,135.27,118,17.27000000000001,HIGH,811.6200000000001,LOW,0.2406905913998577,REORDER NOW,Electronics,Smart Plug,7747,12395,0.16263768758778738,214061.65000000014
2025-12-31,SKU489,42,48,5,61,60,124.79,132.635,126.99,136.19,520.605,130.15125,0.7142857142857143,92.96517857142858,90,2.9651785714285808,HIGH,780.9075,LOW,0.2605972494170077,REORDER NOW,Electronics,Vacuum,1451,2321,0.08067536808136687,6882.179464285736
2025-12-31,SKU488,483,25,7,74,20,136.56,133.655,127.05,139.655,536.9200000000001,134.23000000000002,1.0,134.23000000000002,508,-373.77,LOW,805.3800000000001,LOW,0.3002376071628363,HEALTHY,Electronics,Smart Plug,4569,7310,0.8995753557326975,0.0
2025-12-31,SKU487,398,11,3,84,56,141.98,140.26,141.45,132.975,556.665,139.16625,0.4285714285714285,59.64267857142856,409,-349.3573214285714,LOW,834.9975,LOW,0.2188289248747039,HEALTHY,Electronics,Fan,2052,3283,0.7149722005155704,0.0
2025-12-31,SKU486,267,78,7,73,20,154.645,149.93,138.595,140.22,583.3900000000001,145.84750000000005,1.0,145.84750000000005,345,-199.1525,LOW,875.0850000000002,LOW,0.240329803538778,HEALTHY,Electronics,Fan,5337,8539,0.457669826359725,0.0
2025-12-31,SKU439,237,18,14,99,13,142.87,145.64,127.245,135.0,550.755,137.68875,2.0,275.3775,255,20.3775,HIGH,826.1324999999999,LOW,0.3345485642410364,REORDER NOW,Garden,Hose,4648,7436,0.43031838113135606,151527.09
2025-12-31,SKU485,114,93,14,70,32,126.35,137.67,134.025,130.225,528.27,132.0675,2.0,264.135,207,57.13499999999999,HIGH,792.405,LOW,0.2065974954029392,REORDER NOW,Electronics,Speaker,6941,11105,0.21579873928104948,634484.1749999999
2025-12-31,SKU483,34,7,5,59,39,133.57,133.155,124.47,140.515,531.71,132.9275,0.7142857142857143,94.9482142857143,41,53.9482142857143,HIGH,797.565,LOW,0.2753165246915262,REORDER NOW,Electronics,Speaker,303,484,0.06394463147204303,26110.935714285722
2025-12-31,SKU482,78,104,7,45,21,134.74,132.69,126.02,142.075,535.525,133.88125,1.0,133.88125,182,-48.118750000000006,LOW,803.2874999999999,LOW,0.2797443863177217,HEALTHY,Electronics,Speaker,3109,4974,0.1456514635171094,0.0
2025-12-31,SKU481,117,13,10,47,27,136.51,127.68,138.89,149.15,552.23,138.0575,1.4285714285714286,197.225,130,67.22500000000002,HIGH,828.345,LOW,0.2446924712023168,REORDER NOW,Electronics,Camera,4866,7785,0.21186824330442025,523346.6250000002
2025-12-31,SKU480,110,133,14,81,28,132.615,143.54,145.67,142.18,564.0049999999999,141.00124999999997,2.0,282.00249999999994,243,39.00249999999994,HIGH,846.0074999999998,LOW,0.3642670293169773,REORDER NOW,Electronics,Fan,7404,11846,0.19503373197046128,462023.6149999993
2025-12-31,SKU479,165,44,10,107,32,148.815,148.82,143.865,139.395,580.895,145.22375,1.4285714285714286,207.4625,209,-1.5374999999999943,LOW,871.3425,LOW,0.2572216737929291,HEALTHY,Electronics,Smart Plug,7559,12094,0.2840444486525104,0.0
2025-12-31,SKU478,125,145,3,99,51,140.395,138.225,132.58,137.855,549.0550000000001,137.26375000000002,0.4285714285714285,58.82732142857143,270,-211.17267857142855,LOW,823.5825000000001,LOW,0.3277157333361221,HEALTHY,Electronics,Speaker,1953,3124,0.22766389523818195,0.0
2025-12-31,SKU477,177,63,14,105,17,134.225,142.96,138.035,146.855,562.075,140.51875,2.0,281.0375,240,41.03750000000002,HIGH,843.1125000000001,LOW,0.2755815178691622,REORDER NOW,Electronics,Speaker,1031,1649,0.31490459458257347,67670.83750000004
2025-12-31,SKU476,493,35,3,44,59,137.83,134.61,126.66,148.85,547.95,136.9875,0.4285714285714285,58.70892857142857,528,-469.2910714285714,LOW,821.9250000000001,LOW,0.2532226122105431,HEALTHY,Electronics,Speaker,1968,3148,0.8997171274751345,0.0
2025-12-31,SKU475,324,68,14,77,47,140.52,134.21,139.82,164.115,578.665,144.66625,2.0,289.3325,392,-102.66750000000002,LOW,867.9975,LOW,0.3028479410736009,HEALTHY,Electronics,Vacuum,3672,5875,0.5599094467437983,0.0
2025-12-31,SKU474,71,119,5,84,37,149.485,135.935,135.755,154.055,575.23,143.8075,0.7142857142857143,102.71964285714286,190,-87.28035714285714,LOW,862.845,LOW,0.2846694321651959,HEALTHY,Electronics,Speaker,6241,9985,0.12342888931383968,0.0
2025-12-31,SKU473,202,112,7,110,56,140.91,142.815,126.76,137.785,548.27,137.0675,1.0,137.0675,314,-176.9325,LOW,822.405,LOW,0.3739376785678951,WATCH/VOLATILE,Electronics,Fan,5619,8990,0.3684316121618911,0.0
2025-12-31,SKU472,215,57,3,103,49,148.25,130.885,138.765,159.17,577.0699999999999,144.26749999999998,0.4285714285714285,61.82892857142856,272,-210.17107142857145,LOW,865.6049999999999,LOW,0.2752600796757163,HEALTHY,Electronics,Camera,4743,7588,0.37257178505207345,0.0
2025-12-31,SKU471,16,14,7,67,44,147.42,141.08,142.07,149.745,580.315,145.07875,1.0,145.07875,30,115.07875,HIGH,870.4725000000001,LOW,0.3119562716784737,REORDER NOW,Electronics,Smart Plug,1379,2206,0.027571232864909572,253863.7225
2025-12-31,SKU484,235,128,14,115,51,128.035,147.655,137.78,140.505,553.975,138.49375,2.0,276.9875,363,-86.01249999999999,LOW,830.9625000000001,LOW,0.3426738750841314,WATCH/VOLATILE,Electronics,Speaker,1012,1619,0.42420686854099915,0.0
2025-12-31,SKU375,204,78,14,33,58,130.485,140.845,134.135,144.77,550.235,137.55875,2.0,275.1175,282,-6.882499999999993,LOW,825.3525,LOW,0.286674580827047,HEALTHY,Bathroom,Soap Dispenser,1100,1760,0.3707506792552273,0.0
2025-12-31,SKU438,440,32,3,107,52,151.43,128.47,145.44,146.215,571.555,142.88875,0.4285714285714285,61.23803571428571,472,-410.7619642857143,LOW,857.3325,LOW,0.2969982624369882,HEALTHY,Garden,Water Can,6487,10379,0.7698296751843655,0.0
2025-12-31,SKU436,255,79,14,73,53,140.35,135.055,130.71,156.755,562.87,140.7175,2.0,281.435,334,-52.565,LOW,844.3050000000001,LOW,0.2675141135508959,HEALTHY,Garden,Water Can,7245,11592,0.453035336756267,0.0
2025-12-31,SKU403,364,63,14,108,25,132.525,127.635,142.125,147.705,549.99,137.4975,2.0,274.995,427,-152.005,LOW,824.985,LOW,0.2727479532529362,HEALTHY,Garden,Water Can,6665,10664,0.6618302150948199,0.0
2025-12-31,SKU402,218,133,3,116,36,142.11,137.19,143.48,144.38,567.16,141.79,0.4285714285714285,60.76714285714285,351,-290.23285714285714,LOW,850.74,LOW,0.3118088005646728,HEALTHY,Garden,Water Can,2996,4793,0.38437125326186616,0.0
2025-12-31,SKU401,415,3,7,38,34,140.04,144.375,138.19,146.965,569.5699999999999,142.39249999999998,1.0,142.39249999999998,418,-275.6075,LOW,854.3549999999999,LOW,0.2540231004405687,HEALTHY,Garden,Hose,2895,4632,0.7286198360166443,0.0
2025-12-31,SKU400,115,12,3,55,31,142.975,140.365,144.14,142.275,569.755,142.43875,0.4285714285714285,61.045178571428565,127,-65.95482142857144,LOW,854.6324999999999,LOW,0.2794973231970375,HEALTHY,Bathroom,Mirror,874,1398,0.20184114224535107,0.0
2025-12-31,SKU399,74,49,3,49,39,137.065,132.665,140.57,148.675,558.975,139.74375,0.4285714285714285,59.89017857142857,123,-63.10982142857143,LOW,838.4625000000001,LOW,0.2270547915378061,HEALTHY,Bathroom,Shower Curtain,1393,2228,0.13238516928306274,0.0
2025-12-31,SKU398,56,82,10,77,13,134.61,128.085,131.735,134.245,528.6750000000001,132.16875000000002,1.4285714285714286,188.81250000000003,138,50.81250000000003,HIGH,793.0125,LOW,0.3235903733191892,REORDER NOW,Bathroom,Soap Dispenser,375,600,0.10592519033432637,30487.50000000002
2025-12-31,SKU397,227,58,14,47,46,137.495,142.15,151.165,132.895,563.7049999999999,140.92624999999998,2.0,281.8525,285,-3.1475000000000364,LOW,845.5574999999999,LOW,0.2036661021805634,HEALTHY,Bathroom,Soap Dispenser,6734,10774,0.4026928978809839,0.0
2025-12-31,SKU396,406,69,5,55,21,143.74,142.31,148.16,136.97,571.1800000000001,142.79500000000002,0.7142857142857143,101.99642857142858,475,-373.0035714285714,LOW,856.7700000000001,LOW,0.2421206696932281,HEALTHY,Bathroom,Towel,7295,11672,0.7108092020028711,0.0
2025-12-31,SKU395,391,32,14,33,36,150.685,139.885,126.15,145.61,562.33,140.5825,2.0,281.165,423,-141.83499999999998,LOW,843.4950000000001,LOW,0.3246244919914188,HEALTHY,Bathroom,Mirror,7801,12481,0.6953212526452438,0.0
2025-12-31,SKU394,239,80,5,64,11,132.89,136.77,141.82,146.19,557.67,139.4175,0.7142857142857143,99.58392857142856,319,-219.41607142857143,LOW,836.5049999999999,LOW,0.2310057193571575,HEALTHY,Bathroom,Mirror,6024,9638,0.42856886689260676,0.0
2025-12-31,SKU393,378,24,5,49,19,143.39,144.225,128.94,146.08,562.635,140.65875,0.7142857142857143,100.47053571428572,402,-301.5294642857143,LOW,843.9525,LOW,0.2179102789524152,HEALTHY,Bathroom,Mirror,1949,3118,0.6718387586979125,0.0
2025-12-31,SKU392,11,125,5,113,59,142.695,145.385,141.925,142.755,572.76,143.19,0.7142857142857143,102.27857142857142,136,-33.721428571428575,LOW,859.14,LOW,0.1949100889810738,HEALTHY,Bathroom,Soap Dispenser,2523,4036,0.019205251763391298,0.0
2025-12-31,SKU391,48,125,7,50,11,136.625,138.62,148.195,150.725,574.165,143.54125,1.0,143.54125,173,-29.45875000000001,LOW,861.2475,LOW,0.2979478048527615,HEALTHY,Bathroom,Towel,3769,6030,0.08359966211803228,0.0
2025-12-31,SKU390,215,131,3,100,41,150.92,133.465,141.59,141.27,567.245,141.81125,0.4285714285714285,60.77625,346,-285.22375,LOW,850.8675000000001,LOW,0.3007798028059732,HEALTHY,Bathroom,Towel,1916,3065,0.3790249363149962,0.0
2025-12-31,SKU389,60,38,5,32,44,149.605,141.215,133.29,143.8,567.9100000000001,141.97750000000002,0.7142857142857143,101.41250000000002,98,3.4125000000000227,HIGH,851.8650000000001,LOW,0.2915150011440943,REORDER NOW,Bathroom,Towel,3101,4961,0.10565054321987638,16929.41250000011
2025-12-31,SKU388,313,53,10,77,42,131.415,128.595,129.03,146.325,535.365,133.84125,1.4285714285714286,191.20178571428573,366,-174.79821428571427,LOW,803.0475,LOW,0.2352769745381395,HEALTHY,Bathroom,Soap Dispenser,6103,9764,0.584647857069476,0.0
2025-12-31,SKU387,158,15,5,115,44,140.025,136.52,126.33,143.625,546.5,136.625,0.7142857142857143,97.58928571428572,173,-75.41071428571428,LOW,819.75,LOW,0.2722964361369593,HEALTHY,Bathroom,Towel,7408,11852,0.2891125343092406,0.0
2025-12-31,SKU386,342,76,10,43,60,144.08,129.82,136.925,156.25,567.075,141.76875,1.4285714285714286,202.5267857142857,418,-215.47321428571428,LOW,850.6125000000001,LOW,0.2846627684582906,HEALTHY,Bathroom,Bath Mat,2827,4523,0.6030948287263589,0.0
2025-12-31,SKU385,66,69,3,42,13,134.56,141.985,130.26,145.765,552.5699999999999,138.14249999999998,0.4285714285714285,59.20392857142856,135,-75.79607142857144,LOW,828.8549999999999,LOW,0.2221094970011901,HEALTHY,Bathroom,Bath Mat,7152,11443,0.11944188066670287,0.0
2025-12-31,SKU384,392,3,3,71,53,133.835,136.55,129.245,144.925,544.5550000000001,136.13875000000002,0.4285714285714285,58.345178571428576,395,-336.65482142857144,LOW,816.8325000000001,LOW,0.2606225807605813,HEALTHY,Bathroom,Shower Curtain,3308,5292,0.7198538256007198,0.0
2025-12-31,SKU383,99,48,5,52,41,141.215,139.255,139.27,151.605,571.345,142.83625,0.7142857142857143,102.02589285714286,147,-44.974107142857136,LOW,857.0175,LOW,0.1801580949128201,HEALTHY,Bathroom,Soap Dispenser,3353,5364,0.1732753415186971,0.0
2025-12-31,SKU382,21,14,10,82,29,142.085,133.5,134.015,154.315,563.915,140.97875,1.4285714285714286,201.3982142857143,35,166.3982142857143,HIGH,845.8725,LOW,0.322110755132713,REORDER NOW,Bathroom,Soap Dispenser,6208,9932,0.037239654912531145,1652667.0642857144
2025-12-31,SKU381,366,90,7,113,60,137.875,138.7,130.265,145.83,552.67,138.1675,1.0,138.1675,456,-317.8325,LOW,829.0049999999999,LOW,0.3173825240886207,HEALTHY,Bathroom,Bath Mat,5429,8686,0.6622396728608393,0.0
2025-12-31,SKU380,132,144,14,90,55,136.905,132.97,128.09,147.585,545.5500000000001,136.38750000000002,2.0,272.77500000000003,276,-3.224999999999966,LOW,818.325,LOW,0.3184214602789484,HEALTHY,Bathroom,Towel,5003,8004,0.24195765740995323,0.0
2025-12-31,SKU379,385,79,14,58,15,144.495,141.895,147.655,135.425,569.47,142.3675,2.0,284.735,464,-179.265,LOW,854.205,LOW,0.2387622089963929,HEALTHY,Bathroom,Shower Curtain,372,595,0.6760672203979138,0.0
2025-12-31,SKU378,431,111,3,107,35,153.895,130.995,142.655,133.99,561.535,140.38375,0.4285714285714285,60.16446428571428,542,-481.8355357142857,LOW,842.3025,LOW,0.2549162229630864,HEALTHY,Bathroom,Mirror,1938,3100,0.7675389779800013,0.0
2025-12-31,SKU377,436,74,3,67,37,137.485,132.125,133.09,138.585,541.2850000000001,135.32125000000002,0.4285714285714285,57.99482142857144,510,-452.0051785714286,LOW,811.9275000000001,LOW,0.23491455669311,HEALTHY,Bathroom,Shower Curtain,1938,3100,0.8054906380187885,0.0
2025-12-31,SKU404,95,150,3,104,57,137.375,120.615,132.725,142.995,533.71,133.4275,0.4285714285714285,57.183214285714286,245,-187.8167857142857,LOW,800.565,LOW,0.235450948918568,HEALTHY,Garden,Garden Tool,2374,3798,0.17799928800284798,0.0
2025-12-31,SKU405,89,70,10,93,10,140.185,139.155,139.425,152.18,570.945,142.73625,1.4285714285714286,203.9089285714286,159,44.90892857142859,HIGH,856.4175,LOW,0.2308594305368312,REORDER NOW,Garden,Hose,3380,5408,0.1558819150706285,242867.4857142858
2025-12-31,SKU406,109,139,3,72,15,139.105,133.835,147.575,135.975,556.49,139.1225,0.4285714285714285,59.62392857142857,248,-188.37607142857144,LOW,834.735,LOW,0.2923597643249409,HEALTHY,Garden,Garden Tool,4573,7316,0.19587054574206184,0.0
2025-12-31,SKU407,66,92,7,54,24,133.725,131.24,137.94,136.97,539.875,134.96875,1.0,134.96875,158,-23.03125,LOW,809.8125,LOW,0.1687670639258413,HEALTHY,Garden,Pot,7306,11689,0.12225052095392452,0.0
2025-12-31,SKU435,339,84,14,109,47,138.35,130.995,134.12,138.385,541.85,135.4625,2.0,270.925,423,-152.075,LOW,812.7750000000001,LOW,0.1909239439395738,HEALTHY,Garden,Planter,3819,6110,0.6256344006643905,0.0
2025-12-31,SKU434,390,42,7,112,45,146.91,143.095,135.94,140.26,566.2049999999999,141.55124999999998,1.0,141.55124999999998,432,-290.44875,LOW,849.3074999999999,LOW,0.1843788304793809,HEALTHY,Garden,Planter,3916,6265,0.6887964606458792,0.0
2025-12-31,SKU433,447,101,7,30,15,140.095,136.615,134.94,158.6,570.25,142.5625,1.0,142.5625,548,-405.4375,LOW,855.375,LOW,0.3167472094530469,HEALTHY,Garden,Garden Tool,5681,9089,0.7838667251205611,0.0
2025-12-31,SKU432,383,99,7,119,55,133.51,140.165,143.3,150.205,567.18,141.795,1.0,141.795,482,-340.20500000000004,LOW,850.77,LOW,0.2520986749963824,HEALTHY,Garden,Water Can,7813,12500,0.675270637187489,0.0
2025-12-31,SKU431,322,41,10,93,17,147.95,142.105,141.465,138.315,569.835,142.45875,1.4285714285714286,203.5125,363,-159.48749999999998,LOW,854.7525,LOW,0.269182652417629,HEALTHY,Garden,Planter,5622,8995,0.565075855291444,0.0
2025-12-31,SKU430,459,65,14,89,28,151.745,144.38,141.645,146.405,584.175,146.04375,2.0,292.0875,524,-231.9125,LOW,876.2624999999999,LOW,0.30229602461715,HEALTHY,Garden,Water Can,6783,10852,0.7857234561561177,0.0
2025-12-31,SKU429,211,147,5,90,40,148.31,140.965,153.01,145.41,587.6949999999999,146.92374999999998,0.7142857142857143,104.94553571428573,358,-253.0544642857143,LOW,881.5424999999999,LOW,0.2034084821907462,HEALTHY,Garden,Pot,1513,2420,0.35902976884268206,0.0
2025-12-31,SKU428,279,77,5,50,29,126.885,143.59,130.93,148.84,550.245,137.56125,0.7142857142857143,98.25803571428573,356,-257.7419642857143,LOW,825.3675000000001,LOW,0.2573161164413039,HEALTHY,Garden,Hose,6143,9828,0.5070468609437614,0.0
2025-12-31,SKU427,484,142,7,110,50,144.24,135.86,128.185,140.4,548.6850000000001,137.17125,1.0,137.17125,626,-488.82875,LOW,823.0275000000001,LOW,0.2141938445318667,HEALTHY,Garden,Pot,6084,9734,0.8821090425289555,0.0
2025-12-31,SKU426,298,101,3,56,40,141.03,136.99,124.105,145.945,548.0699999999999,137.01749999999998,0.4285714285714285,58.7217857142857,399,-340.2782142857143,LOW,822.1049999999999,LOW,0.3174914965425421,HEALTHY,Garden,Hose,4386,7017,0.5437261663656103,0.0
2025-12-31,SKU425,384,148,14,61,19,139.255,145.705,147.165,136.78,568.905,142.22625,2.0,284.4525,532,-247.5475,LOW,853.3575,LOW,0.2314109764687448,HEALTHY,Garden,Hose,3769,6030,0.6749808843304242,0.0
2025-12-31,SKU424,430,150,7,39,53,145.43,147.605,134.095,147.365,574.495,143.62375,1.0,143.62375,580,-436.37625,LOW,861.7425000000001,LOW,0.1860990702106795,HEALTHY,Garden,Pot,5538,8860,0.7484834506827736,0.0
2025-12-31,SKU423,244,108,14,83,30,134.22,137.8,132.085,142.165,546.27,136.5675,2.0,273.135,352,-78.86500000000001,LOW,819.405,LOW,0.2590704697551284,HEALTHY,Garden,Hose,2219,3550,0.44666556830871185,0.0
2025-12-31,SKU437,341,54,10,39,37,140.265,137.845,145.495,143.04,566.645,141.66125,1.4285714285714286,202.37321428571428,395,-192.6267857142857,LOW,849.9675,LOW,0.2787192262765018,HEALTHY,Garden,Planter,4402,7043,0.6017877154126482,0.0
2025-12-31,SKU422,212,11,14,117,43,134.65,135.42,121.99,148.17,540.23,135.0575,2.0,270.115,223,47.11500000000001,HIGH,810.345,LOW,0.2362482414433471,REORDER NOW,Garden,Planter,4312,6899,0.39242544842011734,325046.38500000007
2025-12-31,SKU420,366,81,7,106,44,143.455,149.125,129.58,154.345,576.5050000000001,144.12625000000003,1.0,144.12625000000003,447,-302.87375,LOW,864.7575000000002,LOW,0.2841649420419667,HEALTHY,Garden,Pot,812,1299,0.6348600619248748,0.0
2025-12-31,SKU419,41,116,5,104,55,156.915,146.6,140.055,145.725,589.295,147.32375,0.7142857142857143,105.23125,157,-51.76875000000001,LOW,883.9424999999999,LOW,0.3090703081767392,HEALTHY,Garden,Garden Tool,1978,3164,0.06957466124776217,0.0
2025-12-31,SKU418,238,129,14,111,50,136.435,130.335,139.075,137.375,543.22,135.805,2.0,271.61,367,-95.39,LOW,814.83,LOW,0.2207010031301421,HEALTHY,Garden,Pot,7236,11577,0.4381281985199367,0.0
2025-12-31,SKU417,479,89,10,41,45,138.135,139.245,128.28,146.775,552.435,138.10875,1.4285714285714286,197.29821428571427,568,-370.7017857142857,LOW,828.6524999999999,LOW,0.3244008256025521,HEALTHY,Garden,Pot,1082,1731,0.8670703340664513,0.0
2025-12-31,SKU416,168,19,5,61,15,138.175,138.78,132.87,138.35,548.1750000000001,137.04375000000002,0.7142857142857143,97.88839285714288,187,-89.11160714285712,LOW,822.2625,LOW,0.2137597688554668,HEALTHY,Garden,Garden Tool,2519,4030,0.3064714735257901,0.0
2025-12-31,SKU415,153,41,7,41,42,148.945,138.975,134.52,142.09,564.53,141.1325,1.0,141.1325,194,-52.86750000000001,LOW,846.795,LOW,0.3658997945163876,WATCH/VOLATILE,Garden,Garden Tool,1215,1944,0.2710219120330186,0.0
2025-12-31,SKU414,64,112,10,115,21,128.265,136.23,134.87,149.3,548.665,137.16625,1.4285714285714286,195.9517857142857,176,19.951785714285705,HIGH,822.9975,LOW,0.2720238594224146,REORDER NOW,Garden,Pot,1443,2308,0.11664676988690732,46048.72142857141
2025-12-31,SKU413,491,115,5,47,37,142.27,136.865,130.115,151.455,560.705,140.17625,0.7142857142857143,100.12589285714289,606,-505.8741071428572,LOW,841.0575000000001,LOW,0.2908283475119786,HEALTHY,Garden,Garden Tool,3830,6128,0.8756832915704336,0.0
2025-12-31,SKU412,296,3,14,66,36,129.285,131.78,139.97,136.805,537.8399999999999,134.45999999999998,2.0,268.92,299,-30.08000000000004,LOW,806.7599999999999,LOW,0.2878453960765508,HEALTHY,Garden,Pot,7524,12038,0.5503495463334822,0.0
2025-12-31,SKU411,306,6,14,66,60,142.545,135.72,144.64,148.975,571.88,142.97,2.0,285.94,312,-26.06,LOW,857.8199999999999,LOW,0.2722847640244497,HEALTHY,Garden,Pot,7632,12211,0.535077288941736,0.0
2025-12-31,SKU410,277,18,3,95,14,143.07,140.27,137.275,151.24,571.855,142.96375,0.4285714285714285,61.27017857142857,295,-233.72982142857143,LOW,857.7825,LOW,0.2936388767304044,HEALTHY,Garden,Garden Tool,4551,7281,0.4843885250631716,0.0
2025-12-31,SKU409,71,72,3,42,12,137.165,139.175,145.18,154.92,576.44,144.11,0.4285714285714285,61.761428571428574,143,-81.23857142857142,LOW,864.6600000000001,LOW,0.3515667221901956,WATCH/VOLATILE,Garden,Planter,7493,11988,0.12316980084657553,0.0
2025-12-31,SKU408,266,76,10,69,36,142.49,139.005,140.14,160.885,582.52,145.63,1.4285714285714286,208.04285714285717,342,-133.95714285714286,LOW,873.78,LOW,0.2907732251896666,HEALTHY,Garden,Hose,587,939,0.4566366820023347,0.0
2025-12-31,SKU421,129,133,10,108,49,134.88,132.65,126.52,146.205,540.255,135.06375,1.4285714285714286,192.9482142857143,262,-69.0517857142857,LOW,810.3824999999999,LOW,0.2687601770333922,HEALTHY,Garden,Water Can,5648,9036,0.23877613349251742,0.0
2025-12-31,SKU250,65,31,14,48,59,143.205,142.89,143.57,143.005,572.6700000000001,143.16750000000002,2.0,286.33500000000004,96,190.33500000000004,HIGH,859.0050000000001,LOW,0.268931184533236,REORDER NOW,Storage,Organizer,5945,9512,0.11350341383344682,1810466.5200000003
2025-12-31,SKU125,145,39,3,81,13,123.86,141.985,141.45,136.17,543.465,135.86625,0.4285714285714285,58.22839285714286,184,-125.77160714285714,LOW,815.1975,LOW,0.2225799151660071,HEALTHY,Lighting,Desk Lamp,5128,8204,0.2668065100788459,0.0
2025-12-31,SKU248,247,58,14,52,55,145.26,142.615,142.77,149.65,580.295,145.07375,2.0,290.1475,305,-14.85250000000002,LOW,870.4424999999999,LOW,0.2981727243836066,HEALTHY,Storage,Cabinet,2097,3355,0.4256455768186871,0.0
2025-12-31,SKU089,460,42,3,49,25,145.54,141.11,142.88,141.705,571.235,142.80875,0.4285714285714285,61.20375,502,-440.79625,LOW,856.8525,LOW,0.2643203153571668,HEALTHY,Kitchen,Knife Set,1521,2433,0.8052727861563105,0.0
2025-12-31,SKU088,442,48,3,32,45,141.745,144.215,144.13,142.0,572.09,143.0225,0.4285714285714285,61.29535714285714,490,-428.70464285714286,LOW,858.135,LOW,0.2128923642282078,HEALTHY,Kitchen,Knife Set,5067,8107,0.7726057088919576,0.0
2025-12-31,SKU087,53,107,14,81,35,134.145,142.675,131.995,139.645,548.46,137.115,2.0,274.23,160,114.23000000000002,HIGH,822.69,LOW,0.2311032082256305,REORDER NOW,Kitchen,Mixer,4108,6572,0.09663421215767785,750719.5600000002
2025-12-31,SKU086,187,114,3,42,43,139.425,139.775,137.645,160.275,577.12,144.28,0.4285714285714285,61.83428571428571,301,-239.16571428571427,LOW,865.6800000000001,LOW,0.2805226782883854,HEALTHY,Kitchen,Mixer,5883,9412,0.3240227335736069,0.0
2025-12-31,SKU085,38,76,3,35,21,143.245,137.48,138.91,152.25,571.885,142.97125,0.4285714285714285,61.27339285714285,114,-52.72660714285715,LOW,857.8275,LOW,0.2981034616976942,HEALTHY,Kitchen,Cookware,2314,3702,0.0664469255182423,0.0
2025-12-31,SKU084,436,12,7,97,22,134.075,134.2,127.59,140.325,536.19,134.0475,1.0,134.0475,448,-313.9525,LOW,804.2850000000001,LOW,0.2093102315379419,HEALTHY,Kitchen,Kettle,6341,10145,0.8131445942669575,0.0
2025-12-31,SKU083,303,76,3,59,60,141.38,131.12,129.285,143.77,545.555,136.38875,0.4285714285714285,58.45232142857142,379,-320.5476785714286,LOW,818.3325,LOW,0.273057896098809,HEALTHY,Kitchen,Air Fryer,6741,10785,0.5553977142542915,0.0
2025-12-31,SKU082,470,82,10,67,23,151.715,128.055,134.15,143.68,557.5999999999999,139.39999999999998,1.4285714285714286,199.1428571428571,552,-352.8571428571429,LOW,836.3999999999999,LOW,0.2698912531737921,HEALTHY,Kitchen,Air Fryer,6598,10556,0.8428981348637017,0.0
2025-12-31,SKU081,463,116,14,47,57,132.595,137.42,139.2,163.79,573.005,143.25125,2.0,286.5025,579,-292.4975,LOW,859.5074999999999,LOW,0.3009661974238318,HEALTHY,Kitchen,Cookware,1978,3164,0.8080208724182163,0.0
2025-12-31,SKU080,165,26,5,90,10,141.315,130.51,142.19,154.785,568.8,142.2,0.7142857142857143,101.57142857142856,191,-89.42857142857143,LOW,853.1999999999999,LOW,0.3369492997516777,WATCH/VOLATILE,Kitchen,Mixer,2531,4049,0.290084388185654,0.0
2025-12-31,SKU079,354,136,10,41,36,134.235,143.715,135.665,148.87,562.485,140.62125,1.4285714285714286,200.8875,490,-289.11249999999995,LOW,843.7275,LOW,0.2806169416702458,HEALTHY,Kitchen,Mixer,7857,12571,0.6293501160030934,0.0
2025-12-31,SKU078,420,56,10,66,56,141.185,120.66,136.4,140.205,538.45,134.6125,1.4285714285714286,192.30357142857144,476,-283.69642857142856,LOW,807.6750000000001,LOW,0.1710674093102395,HEALTHY,Kitchen,Mixer,7486,11977,0.7800167146438851,0.0
2025-12-31,SKU077,24,79,5,61,46,134.37,138.465,129.09,138.91,540.835,135.20875,0.7142857142857143,96.57767857142858,103,-6.422321428571422,LOW,811.2525,LOW,0.1927322917979761,HEALTHY,Kitchen,Cookware,4205,6728,0.04437582626864015,0.0
2025-12-31,SKU076,344,106,7,69,38,140.765,142.945,143.74,141.97,569.42,142.355,1.0,142.355,450,-307.645,LOW,854.1299999999999,LOW,0.3252156307332325,HEALTHY,Kitchen,Air Fryer,7733,12372,0.6041234940816972,0.0
2025-12-31,SKU075,52,66,5,79,13,134.395,134.735,132.12,148.475,549.725,137.43125,0.7142857142857143,98.16517857142858,118,-19.834821428571416,LOW,824.5875000000001,LOW,0.3034956520003591,HEALTHY,Kitchen,Air Fryer,7379,11806,0.094592750920915,0.0
2025-12-31,SKU074,430,64,5,36,12,142.155,125.64,137.86,150.57,556.225,139.05625,0.7142857142857143,99.32589285714286,494,-394.6741071428571,LOW,834.3375000000001,LOW,0.2706572396080089,HEALTHY,Kitchen,Cookware,3679,5886,0.7730684525147198,0.0
2025-12-31,SKU073,434,69,3,101,29,136.85,143.32,137.925,154.05,572.145,143.03625,0.4285714285714285,61.30125,503,-441.69875,LOW,858.2175,LOW,0.3064098659760013,HEALTHY,Kitchen,Kettle,994,1590,0.7585489692298282,0.0
2025-12-31,SKU072,225,128,3,54,42,138.665,145.565,146.47,137.895,568.595,142.14875,0.4285714285714285,60.92089285714286,353,-292.07910714285714,LOW,852.8925,LOW,0.3148034104912892,HEALTHY,Kitchen,Kettle,3360,5376,0.3957122380604824,0.0
2025-12-31,SKU071,44,44,10,30,36,132.65,134.335,136.13,136.06,539.175,134.79375,1.4285714285714286,192.5625,88,104.5625,HIGH,808.7624999999999,LOW,0.2048760953544455,REORDER NOW,Kitchen,Kettle,7184,11494,0.08160615755552465,1201841.375
2025-12-31,SKU070,439,43,14,107,20,130.715,131.995,129.16,141.705,533.575,133.39375,2.0,266.7875,482,-215.2125,LOW,800.3625000000001,LOW,0.291038932063027,HEALTHY,Kitchen,Air Fryer,1179,1886,0.8227521904137187,0.0
2025-12-31,SKU069,381,6,7,31,52,137.195,132.26,130.79,145.44,545.685,136.42125,1.0,136.42125,387,-250.57875,LOW,818.5274999999999,LOW,0.1746197552746033,HEALTHY,Kitchen,Knife Set,1046,1673,0.6982050083839578,0.0
2025-12-31,SKU068,243,36,14,54,46,146.69,139.645,143.625,149.335,579.2950000000001,144.82375000000002,2.0,289.64750000000004,279,10.647500000000036,HIGH,868.9425000000001,LOW,0.3245998987602688,REORDER NOW,Kitchen,Knife Set,3798,6076,0.4194753968185466,64694.210000000225
2025-12-31,SKU067,129,147,10,62,35,136.97,143.22,133.495,149.75,563.435,140.85875,1.4285714285714286,201.2267857142857,276,-74.77321428571429,LOW,845.1524999999999,LOW,0.2436681287469494,HEALTHY,Kitchen,Air Fryer,2298,3676,0.22895276296289724,0.0
2025-12-31,SKU066,164,81,7,110,38,139.455,129.575,134.07,142.28,545.38,136.345,1.0,136.345,245,-108.655,LOW,818.0699999999999,LOW,0.2261420411570374,HEALTHY,Kitchen,Cookware,4217,6747,0.3007077633943306,0.0
2025-12-31,SKU065,279,132,10,79,59,148.785,136.7,134.675,151.65,571.8100000000001,142.9525,1.4285714285714286,204.2178571428572,411,-206.78214285714284,LOW,857.7150000000001,LOW,0.3014113358203938,HEALTHY,Kitchen,Mixer,2070,3312,0.48792431052272606,0.0
2025-12-31,SKU064,357,77,5,55,20,135.465,133.685,131.74,138.0,538.89,134.7225,0.7142857142857143,96.23035714285714,434,-337.76964285714286,LOW,808.335,LOW,0.3425672979984664,WATCH/VOLATILE,Kitchen,Knife Set,510,816,0.6624728608806992,0.0
2025-12-31,SKU063,275,35,7,67,36,146.49,145.02,139.375,140.525,571.41,142.8525,1.0,142.8525,310,-167.1475,LOW,857.115,LOW,0.1980370870027038,HEALTHY,Kitchen,Air Fryer,3999,6398,0.48126564113333686,0.0
2025-12-31,SKU090,254,82,7,38,39,148.985,138.25,144.84,135.62,567.695,141.92375,1.0,141.92375,336,-194.07625,LOW,851.5425,LOW,0.3175664859726623,HEALTHY,Kitchen,Mixer,3800,6080,0.44742335232827485,0.0
2025-12-31,SKU062,307,107,14,79,33,134.505,140.12,141.465,139.725,555.815,138.95375,2.0,277.9075,414,-136.09249999999997,LOW,833.7225000000001,LOW,0.206880467218023,HEALTHY,Kitchen,Knife Set,5276,8441,0.5523420562597267,0.0
2025-12-31,SKU091,352,129,3,42,52,132.8,132.82,127.27,141.435,534.325,133.58125,0.4285714285714285,57.24910714285714,481,-423.7508928571429,LOW,801.4875000000001,LOW,0.2604515296919386,HEALTHY,Kitchen,Mixer,1545,2472,0.6587750900669068,0.0
2025-12-31,SKU093,138,66,10,32,42,133.61,131.995,131.445,141.68,538.73,134.6825,1.4285714285714286,192.40357142857144,204,-11.59642857142856,LOW,808.095,LOW,0.352564352955441,WATCH/VOLATILE,Kitchen,Cookware,1365,2184,0.25615800122510346,0.0
2025-12-31,SKU120,105,10,5,75,49,143.105,137.935,141.05,156.035,578.125,144.53125,0.7142857142857143,103.23660714285714,115,-11.76339285714286,LOW,867.1875,LOW,0.275982168294868,HEALTHY,Lighting,LED Strip,6831,10929,0.18162162162162163,0.0
2025-12-31,SKU119,414,121,7,81,60,150.575,128.79,139.595,147.34,566.3000000000001,141.57500000000002,1.0,141.57500000000002,535,-393.425,LOW,849.45,LOW,0.2685164157032775,HEALTHY,Lighting,LED Strip,4756,7609,0.7310612749426099,0.0
2025-12-31,SKU118,357,101,10,103,12,148.085,133.6,135.89,147.355,564.93,141.2325,1.4285714285714286,201.76071428571427,458,-256.23928571428576,LOW,847.395,LOW,0.264981392548527,HEALTHY,Lighting,Ceiling Light,3673,5876,0.6319367001221391,0.0
2025-12-31,SKU117,305,27,3,85,27,145.135,138.835,147.155,145.915,577.04,144.26,0.4285714285714285,61.82571428571428,332,-270.1742857142857,LOW,865.56,LOW,0.2737906097399919,HEALTHY,Lighting,Floor Lamp,1828,2924,0.5285595452654929,0.0
2025-12-31,SKU116,472,106,3,63,13,139.105,138.25,143.43,146.615,567.4000000000001,141.85000000000002,0.4285714285714285,60.79285714285715,578,-517.2071428571428,LOW,851.1000000000001,LOW,0.285425996882148,HEALTHY,Lighting,Desk Lamp,4961,7937,0.8318646457525554,0.0
2025-12-31,SKU115,63,94,7,79,49,142.88,140.405,139.845,158.865,581.995,145.49875,1.0,145.49875,157,-11.50125,LOW,872.9925000000001,LOW,0.3092481993245223,HEALTHY,Lighting,LED Strip,4473,7156,0.10824835264907774,0.0
2025-12-31,SKU114,316,23,7,57,52,136.305,138.345,129.645,151.05,555.345,138.83625,1.0,138.83625,339,-200.16375,LOW,833.0175,LOW,0.2584667773064169,HEALTHY,Lighting,LED Strip,1004,1606,0.5690156569339779,0.0
2025-12-31,SKU113,487,108,5,51,29,139.42,129.42,140.46,152.06,561.3599999999999,140.33999999999995,0.7142857142857143,100.24285714285712,595,-494.75714285714287,LOW,842.0399999999998,LOW,0.2560919114357039,HEALTHY,Lighting,Floor Lamp,2448,3916,0.8675359840387632,0.0
2025-12-31,SKU112,220,43,14,70,37,135.225,138.765,129.0,141.17,544.16,136.04,2.0,272.08,263,9.079999999999984,HIGH,816.24,LOW,0.3328661980970976,REORDER NOW,Lighting,Ceiling Light,7447,11915,0.40429285504263457,108188.19999999981
2025-12-31,SKU111,290,30,3,47,14,151.8,142.835,142.715,140.435,577.7850000000001,144.44625000000002,0.4285714285714285,61.90553571428572,320,-258.09446428571425,LOW,866.6775000000001,LOW,0.2373804602993774,HEALTHY,Lighting,LED Strip,6681,10689,0.5019168029630399,0.0
2025-12-31,SKU110,269,62,5,53,32,148.145,141.565,140.115,143.855,573.6800000000001,143.42000000000002,0.7142857142857143,102.44285714285716,331,-228.55714285714285,LOW,860.5200000000001,LOW,0.2948939610017776,HEALTHY,Lighting,Wall Light,2656,4249,0.46890252405522237,0.0
2025-12-31,SKU109,475,84,10,58,47,146.135,141.195,143.805,148.195,579.3299999999999,144.83249999999998,1.4285714285714286,206.9035714285714,559,-352.0964285714286,LOW,868.9949999999999,LOW,0.2894024120839353,HEALTHY,Lighting,Ceiling Light,3603,5764,0.8199126577253034,0.0
2025-12-31,SKU108,352,100,3,57,55,134.355,132.57,140.095,150.74,557.76,139.44,0.4285714285714285,59.76,452,-392.24,LOW,836.64,LOW,0.2236973111147677,HEALTHY,Lighting,Floor Lamp,3991,6385,0.6310958118187034,0.0
2025-12-31,SKU107,467,147,7,101,22,140.82,137.315,140.21,152.04,570.385,142.59625,1.0,142.59625,614,-471.40375,LOW,855.5775,LOW,0.2839957734374883,HEALTHY,Lighting,LED Strip,2709,4334,0.8187452334826477,0.0
2025-12-31,SKU106,135,94,7,112,24,127.66,143.785,127.49,146.185,545.12,136.28,1.0,136.28,229,-92.72,LOW,817.6800000000001,LOW,0.1406336431286033,HEALTHY,Lighting,Wall Light,2333,3732,0.24765189316113884,0.0
2025-12-31,SKU105,451,54,5,67,32,142.225,136.03,143.37,155.145,576.77,144.1925,0.7142857142857143,102.99464285714284,505,-402.0053571428572,LOW,865.155,LOW,0.3172849099685492,HEALTHY,Lighting,Desk Lamp,643,1028,0.7819408082944674,0.0
2025-12-31,SKU104,180,78,5,56,20,139.22,125.45,129.445,131.88,525.995,131.49875,0.7142857142857143,93.92767857142856,258,-164.07232142857143,LOW,788.9925000000001,LOW,0.32049448815678,HEALTHY,Lighting,Ceiling Light,4887,7819,0.3422085761271495,0.0
2025-12-31,SKU103,38,29,7,101,11,138.885,139.815,139.425,147.585,565.71,141.4275,1.0,141.4275,67,74.42750000000001,HIGH,848.565,LOW,0.2717808977523376,REORDER NOW,Lighting,Ceiling Light,1852,2963,0.06717222605221757,220528.68250000002
2025-12-31,SKU102,204,48,10,41,24,152.435,138.71,145.11,126.955,563.21,140.8025,1.4285714285714286,201.1464285714286,252,-50.8535714285714,LOW,844.815,LOW,0.2907917733521369,HEALTHY,Lighting,Floor Lamp,1166,1865,0.36220947781466944,0.0
2025-12-31,SKU101,148,94,5,70,57,133.32,135.775,147.235,144.3,560.6300000000001,140.15750000000003,0.7142857142857143,100.11250000000004,242,-141.8875,LOW,840.9450000000002,LOW,0.271665190061152,HEALTHY,Lighting,Ceiling Light,2131,3409,0.2639887269678754,0.0
2025-12-31,SKU100,255,133,7,47,31,125.265,141.845,132.465,141.215,540.7900000000001,135.19750000000002,1.0,135.19750000000002,388,-252.8025,LOW,811.1850000000002,LOW,0.2797897231469251,HEALTHY,Kitchen,Air Fryer,5256,8409,0.4715323878030288,0.0
2025-12-31,SKU099,231,68,7,101,48,147.145,138.225,139.865,153.115,578.35,144.5875,1.0,144.5875,299,-154.4125,LOW,867.5250000000001,LOW,0.2759414521003004,HEALTHY,Kitchen,Mixer,4404,7046,0.3994121206881646,0.0
2025-12-31,SKU098,81,71,5,51,51,146.68,142.28,135.25,151.57,575.78,143.945,0.7142857142857143,102.81785714285714,152,-49.182142857142864,LOW,863.67,LOW,0.4055557108289289,WATCH/VOLATILE,Kitchen,Mixer,7022,11235,0.14067873145993262,0.0
2025-12-31,SKU097,195,25,10,73,35,149.005,135.46,135.645,141.675,561.7850000000001,140.44625000000002,1.4285714285714286,200.63750000000005,220,-19.362499999999955,LOW,842.6775000000001,LOW,0.3042281241141791,HEALTHY,Kitchen,Knife Set,5152,8243,0.34710787934886117,0.0
2025-12-31,SKU096,69,70,10,79,28,145.01,143.325,137.235,149.4,574.97,143.7425,1.4285714285714286,205.3464285714286,139,66.34642857142859,HIGH,862.455,LOW,0.300718589591148,REORDER NOW,Kitchen,Air Fryer,4513,7220,0.12000626119623632,479021.21428571444
2025-12-31,SKU095,73,47,7,98,26,141.435,126.89,135.62,135.06,539.005,134.75125,1.0,134.75125,120,14.75125,HIGH,808.5074999999999,LOW,0.2222461572563948,REORDER NOW,Kitchen,Kettle,6697,10715,0.13543473622693666,158059.64375000002
2025-12-31,SKU094,307,90,7,64,37,131.525,136.12,132.025,151.585,551.255,137.81375,1.0,137.81375,397,-259.18625,LOW,826.8824999999999,LOW,0.2358589156271609,HEALTHY,Kitchen,Kettle,5689,9102,0.5569110484258646,0.0
2025-12-31,SKU092,251,0,10,40,12,142.985,144.7,136.94,143.73,568.355,142.08875,1.4285714285714286,202.98392857142855,251,-48.01607142857142,LOW,852.5325,LOW,0.2156680471502767,HEALTHY,Kitchen,Mixer,4981,7969,0.4416253925803415,0.0
2025-12-31,SKU061,121,121,14,120,59,129.03,140.995,130.54,146.86,547.425,136.85625,2.0,273.7125,242,31.712499999999977,HIGH,821.1374999999999,LOW,0.224801986640989,REORDER NOW,Kitchen,Kettle,6739,10782,0.22103484495593007,341924.17499999976
2025-12-31,SKU060,49,148,5,97,27,132.525,132.865,132.93,138.7,537.02,134.255,0.7142857142857143,95.89642857142856,197,-101.10357142857144,LOW,805.53,LOW,0.2939093229403222,HEALTHY,Kitchen,Knife Set,6859,10974,0.09124427395627724,0.0
2025-12-31,SKU059,274,126,10,42,16,136.8,153.175,133.075,143.71,566.76,141.69,1.4285714285714286,202.4142857142857,400,-197.5857142857143,LOW,850.14,LOW,0.2260178963120273,HEALTHY,Kitchen,Knife Set,5269,8430,0.4834497847413367,0.0
2025-12-31,SKU026,96,148,7,69,28,150.32,149.62,149.95,144.62,594.51,148.6275,1.0,148.6275,244,-95.3725,LOW,891.765,LOW,0.2070911405171437,HEALTHY,Furniture,Office Chair,1137,1819,0.16147751930160972,0.0
2025-12-31,SKU025,21,29,7,44,48,139.695,139.325,145.92,141.515,566.4549999999999,141.61374999999998,1.0,141.61374999999998,50,91.61374999999998,HIGH,849.6824999999999,LOW,0.3341633648057235,REORDER NOW,Furniture,Office Chair,1573,2516,0.037072671262500995,230500.19499999995
2025-12-31,SKU024,492,126,14,56,48,129.855,132.38,139.025,151.79,553.05,138.2625,2.0,276.525,618,-341.475,LOW,829.5749999999999,LOW,0.2186085380423767,HEALTHY,Furniture,Coffee Table,360,576,0.8896121508001086,0.0
2025-12-31,SKU023,326,79,5,78,42,142.775,137.805,132.195,143.4,556.1750000000001,139.04375000000002,0.7142857142857143,99.3169642857143,405,-305.68303571428567,LOW,834.2625,LOW,0.2734177919538769,HEALTHY,Furniture,Bookshelf,2529,4046,0.5861464467119162,0.0
2025-12-31,SKU022,475,40,3,32,55,144.24,139.56,148.08,142.97,574.85,143.7125,0.4285714285714285,61.59107142857143,515,-453.4089285714286,LOW,862.2750000000001,LOW,0.2849052826183083,HEALTHY,Furniture,Sofa,7711,12337,0.8263025136992258,0.0
2025-12-31,SKU021,461,64,5,91,19,139.225,133.26,141.3,156.93,570.715,142.67875,0.7142857142857143,101.91339285714288,525,-423.08660714285713,LOW,856.0725,LOW,0.2708635621917581,HEALTHY,Furniture,Coffee Table,1008,1612,0.8077586886624673,0.0
2025-12-31,SKU020,211,143,5,53,32,146.285,130.255,135.05,150.32,561.91,140.4775,0.7142857142857143,100.34107142857142,354,-253.6589285714286,LOW,842.865,LOW,0.2938155451789956,HEALTHY,Furniture,Coffee Table,2801,4481,0.3755049741061736,0.0
2025-12-31,SKU019,389,26,3,111,21,126.52,139.45,126.585,149.655,542.2099999999999,135.55249999999998,0.4285714285714285,58.09392857142856,415,-356.9060714285714,LOW,813.3149999999998,LOW,0.267203550681226,HEALTHY,Furniture,Dining Chair,3631,5809,0.7174342044595269,0.0
2025-12-31,SKU018,340,98,10,46,18,132.675,123.96,136.48,142.745,535.86,133.965,1.4285714285714286,191.37857142857143,438,-246.62142857142857,LOW,803.79,LOW,0.34070132893533,WATCH/VOLATILE,Furniture,Sofa,2201,3521,0.6344940842757436,0.0
2025-12-31,SKU017,115,127,7,120,45,143.125,137.97,142.73,142.795,566.62,141.655,1.0,141.655,242,-100.345,LOW,849.9300000000001,LOW,0.2385995116579181,HEALTHY,Furniture,Coffee Table,7439,11902,0.20295789064981823,0.0
2025-12-31,SKU016,283,57,14,116,53,126.785,130.145,145.58,135.405,537.915,134.47875,2.0,268.9575,340,-71.04250000000002,LOW,806.8725,LOW,0.2633589000527288,HEALTHY,Furniture,Coffee Table,7513,12020,0.5261054255783907,0.0
2025-12-31,SKU015,481,46,5,116,35,127.015,144.995,137.65,146.09,555.75,138.9375,0.7142857142857143,99.24107142857144,527,-427.75892857142856,LOW,833.625,LOW,0.3485052454517179,WATCH/VOLATILE,Furniture,Office Chair,4115,6584,0.8654970760233918,0.0
2025-12-31,SKU014,367,26,7,65,19,138.175,129.73,135.685,148.04,551.63,137.9075,1.0,137.9075,393,-255.0925,LOW,827.4449999999999,LOW,0.2872037115443547,HEALTHY,Furniture,Office Chair,4419,7070,0.6653010169860233,0.0
2025-12-31,SKU013,67,10,14,77,19,140.335,135.37,129.215,147.995,552.9150000000001,138.22875000000002,2.0,276.45750000000004,77,199.45750000000004,HIGH,829.3725000000002,LOW,0.3279668234803773,REORDER NOW,Furniture,Coffee Table,2025,3240,0.1211759492869609,646242.3000000002
2025-12-31,SKU012,253,42,10,97,32,136.28,137.875,139.31,166.1,579.5649999999999,144.89125,1.4285714285714286,206.9875,295,-88.01250000000002,LOW,869.3474999999999,LOW,0.2885513492877059,HEALTHY,Furniture,Dining Chair,4131,6609,0.4365342972746802,0.0
2025-12-31,SKU011,40,51,7,43,40,141.045,138.17,149.275,147.22,575.71,143.9275,1.0,143.9275,91,52.92750000000001,HIGH,863.565,LOW,0.3039871387189152,REORDER NOW,Furniture,Office Chair,4219,6750,0.0694794254051519,357260.62500000006
2025-12-31,SKU010,186,130,3,31,48,144.205,138.775,130.975,152.68,566.635,141.65875,0.4285714285714285,60.71089285714285,316,-255.28910714285715,LOW,849.9525,LOW,0.3423671933206768,WATCH/VOLATILE,Furniture,Sofa,574,918,0.3282536377032834,0.0
2025-12-31,SKU009,155,99,14,68,59,147.935,142.015,132.8,146.04,568.79,142.1975,2.0,284.395,254,30.394999999999985,HIGH,853.185,LOW,0.2565150981749486,REORDER NOW,Furniture,Sofa,3146,5033,0.27250830710807156,152978.03499999992
2025-12-31,SKU008,360,87,10,104,13,141.405,137.45,140.64,147.775,567.27,141.8175,1.4285714285714286,202.59642857142856,447,-244.40357142857144,LOW,850.905,LOW,0.2883794966504033,HEALTHY,Furniture,Bookshelf,5444,8710,0.6346184356655561,0.0
2025-12-31,SKU007,263,87,3,105,15,139.265,132.325,144.03,152.76,568.38,142.095,0.4285714285714285,60.89785714285714,350,-289.10214285714284,LOW,852.5699999999999,LOW,0.2784989551127839,HEALTHY,Furniture,Dining Chair,5185,8296,0.46271860375101165,0.0
2025-12-31,SKU006,234,59,5,48,44,137.455,142.36,135.94,146.13,561.885,140.47125,0.7142857142857143,100.33660714285716,293,-192.66339285714287,LOW,842.8275,LOW,0.2623913397754531,HEALTHY,Furniture,Office Chair,7780,12448,0.416455324488107,0.0
2025-12-31,SKU005,32,141,10,76,28,147.6,142.235,146.425,140.48,576.74,144.185,1.4285714285714286,205.97857142857143,173,32.97857142857143,HIGH,865.11,LOW,0.326701261530644,REORDER NOW,Furniture,Office Chair,7532,12051,0.055484273676179904,397424.76428571425
2025-12-31,SKU004,66,15,7,37,29,142.87,131.5,125.65,135.35,535.37,133.8425,1.0,133.8425,81,52.8425,HIGH,803.0550000000001,LOW,0.2657645064121969,REORDER NOW,Furniture,Coffee Table,5182,8291,0.12327922745017464,438117.1675
2025-12-31,SKU003,82,22,7,53,52,139.35,135.115,143.285,150.26,568.01,142.0025,1.0,142.0025,104,38.0025,HIGH,852.015,LOW,0.2448066221058157,REORDER NOW,Furniture,Sofa,7846,12553,0.1443636555694442,477045.38249999995
2025-12-31,SKU002,44,40,7,37,43,150.51,132.29,142.36,146.725,571.885,142.97125,1.0,142.97125,84,58.97125,HIGH,857.8275,LOW,0.216299572903717,REORDER NOW,Furniture,Office Chair,6002,9603,0.07693854533691215,566300.91375
2025-12-31,SKU001,80,36,14,60,17,136.955,142.79,147.485,150.61,577.84,144.46,2.0,288.92,116,172.92000000000002,HIGH,866.76,LOW,0.3533155843023929,REORDER NOW,Furniture,Dining Chair,4004,6406,0.1384466288245881,1107725.52
2025-12-31,SKU499,70,138,10,67,47,118.935,124.11,125.995,142.03,511.0700000000001,127.7675,1.4285714285714286,182.52500000000003,208,-25.47499999999997,LOW,766.605,LOW,0.334477689353602,HEALTHY,Electronics,Smart Plug,1409,2254,0.13696753869332964,0.0
2025-12-31,SKU027,278,58,5,39,40,133.885,136.72,144.595,155.77,570.97,142.7425,0.7142857142857143,101.95892857142856,336,-234.04107142857143,LOW,856.455,LOW,0.2696143642299925,HEALTHY,Furniture,Office Chair,3836,6137,0.48689072981067305,0.0
2025-12-31,SKU028,109,28,14,116,52,147.605,138.205,140.315,148.94,575.065,143.76625,2.0,287.5325,137,150.53250000000003,HIGH,862.5975000000001,LOW,0.27658202842508,REORDER NOW,Furniture,Bookshelf,615,984,0.18954379070192062,148123.98000000004
2025-12-31,SKU029,498,120,5,113,59,144.575,132.31,128.115,137.555,542.5550000000001,135.63875000000002,0.7142857142857143,96.88482142857144,618,-521.1151785714286,LOW,813.8325000000001,LOW,0.3300803303097028,HEALTHY,Furniture,Office Chair,1935,3096,0.9178792933435319,0.0
2025-12-31,SKU030,185,21,7,92,21,145.77,129.25,145.015,148.2,568.2349999999999,142.05874999999995,1.0,142.05874999999995,206,-63.941250000000025,LOW,852.3524999999998,LOW,0.2769251949374213,HEALTHY,Furniture,Sofa,5700,9120,0.32556952669230166,0.0
2025-12-31,SKU058,54,94,10,56,15,153.075,130.37,143.09,150.45,576.9849999999999,144.24624999999995,1.4285714285714286,206.0660714285714,148,58.066071428571405,HIGH,865.4774999999998,LOW,0.2746223666503941,REORDER NOW,Kitchen,Cookware,5565,8904,0.09358995467819789,517020.2999999998
2025-12-31,SKU057,203,80,14,96,55,142.765,122.14,140.04,151.755,556.6999999999999,139.17499999999998,2.0,278.35,283,-4.650000000000034,LOW,835.05,LOW,0.27848743107007,HEALTHY,Kitchen,Mixer,546,873,0.3646488234237471,0.0
2025-12-31,SKU056,397,62,7,87,38,138.2,144.4,151.585,135.945,570.1300000000001,142.53250000000003,1.0,142.53250000000003,459,-316.4675,LOW,855.1950000000002,LOW,0.2772572591550818,HEALTHY,Kitchen,Cookware,3081,4929,0.6963324154140282,0.0
2025-12-31,SKU055,345,46,5,45,21,152.405,147.42,139.94,140.05,579.815,144.95375,0.7142857142857143,103.53839285714288,391,-287.46160714285713,LOW,869.7225000000001,LOW,0.2376343839201743,HEALTHY,Kitchen,Air Fryer,2344,3750,0.595017376232074,0.0
2025-12-31,SKU054,216,29,14,84,44,140.995,130.345,137.28,149.435,558.0550000000001,139.51375000000002,2.0,279.02750000000003,245,34.02750000000003,HIGH,837.0825000000001,LOW,0.2397648438462086,REORDER NOW,Kitchen,Knife Set,6180,9888,0.38705862325398027,336463.92000000033
2025-12-31,SKU053,328,94,3,57,52,148.335,135.93,133.3,146.195,563.76,140.94,0.4285714285714285,60.40285714285714,422,-361.5971428571429,LOW,845.64,LOW,0.287311114879428,HEALTHY,Kitchen,Knife Set,5552,8883,0.5818078615013481,0.0
2025-12-31,SKU052,81,46,14,42,53,146.295,142.77,154.27,141.85,585.1850000000001,146.29625,2.0,292.59250000000003,127,165.59250000000003,HIGH,877.7775000000001,LOW,0.2719685694880594,REORDER NOW,Kitchen,Cookware,1444,2310,0.1384177653220776,382518.67500000005
2025-12-31,SKU051,426,149,7,62,17,132.44,153.08,137.33,145.72,568.57,142.1425,1.0,142.1425,575,-432.8575,LOW,852.855,LOW,0.2101931881892416,HEALTHY,Kitchen,Kettle,3419,5470,0.7492481136887278,0.0
2025-12-31,SKU050,54,96,14,44,18,133.09,132.47,147.955,137.7,551.2149999999999,137.80374999999998,2.0,275.6075,150,125.60749999999996,HIGH,826.8224999999999,LOW,0.278595577007483,REORDER NOW,Furniture,Coffee Table,4835,7736,0.09796540369910109,971699.6199999996
2025-12-31,SKU049,32,72,3,103,53,142.86,144.91,134.18,146.545,568.495,142.12375,0.4285714285714285,60.91017857142857,104,-43.08982142857143,LOW,852.7425000000001,LOW,0.2915502575079696,HEALTHY,Furniture,Dining Chair,793,1268,0.05628897351779699,0.0
2025-12-31,SKU048,15,75,14,68,55,133.5,125.905,137.685,139.88,536.97,134.2425,2.0,268.485,90,178.485,HIGH,805.455,LOW,0.3094203190106688,REORDER NOW,Furniture,Office Chair,7779,12446,0.027934521481647018,2221424.31
2025-12-31,SKU047,475,127,3,59,37,127.57,137.37,143.625,133.19,541.755,135.43875,0.4285714285714285,58.045178571428565,602,-543.9548214285714,LOW,812.6324999999999,LOW,0.1461429552323346,HEALTHY,Furniture,Coffee Table,591,945,0.8767800943230796,0.0
2025-12-31,SKU046,141,128,14,67,20,147.815,134.835,131.18,156.83,570.66,142.665,2.0,285.33,269,16.329999999999984,HIGH,855.99,LOW,0.2970869722346437,REORDER NOW,Furniture,Dining Chair,4957,7931,0.24708232572810432,129513.22999999988
2025-12-31,SKU121,20,72,7,84,39,133.675,147.21,133.445,154.385,568.7149999999999,142.17874999999998,1.0,142.17874999999998,92,50.17874999999998,HIGH,853.0724999999999,LOW,0.386859507127997,REORDER NOW,Lighting,Ceiling Light,4269,6830,0.03516699928786827,342720.8624999999
2025-12-31,SKU045,230,65,14,41,56,132.17,126.22,129.195,135.885,523.47,130.8675,2.0,261.735,295,-33.264999999999986,LOW,785.205,LOW,0.3675780227250451,WATCH/VOLATILE,Furniture,Dining Chair,6027,9643,0.4393757044338739,0.0
2025-12-31,SKU043,29,112,5,83,36,144.185,138.74,124.365,155.02,562.3100000000001,140.5775,0.7142857142857143,100.4125,141,-40.58749999999999,LOW,843.4650000000001,LOW,0.3282270520541739,HEALTHY,Furniture,Coffee Table,1147,1835,0.051572975760701384,0.0
2025-12-31,SKU042,12,122,7,78,48,131.07,128.12,129.825,137.1,526.115,131.52875,1.0,131.52875,134,-2.4712499999999977,LOW,789.1725,LOW,0.2692993879442257,HEALTHY,Furniture,Sofa,4057,6491,0.02280870151962974,0.0
2025-12-31,SKU041,373,144,10,75,32,135.43,141.665,121.97,144.22,543.2850000000001,135.82125000000002,1.4285714285714286,194.0303571428572,517,-322.96964285714284,LOW,814.9275000000001,LOW,0.2897907540687719,HEALTHY,Furniture,Office Chair,838,1340,0.6865641422089694,0.0
2025-12-31,SKU040,54,105,5,35,47,137.065,140.595,135.315,140.155,553.13,138.2825,0.7142857142857143,98.77321428571427,159,-60.22678571428571,LOW,829.6949999999999,LOW,0.3275497482069811,HEALTHY,Furniture,Sofa,5562,8899,0.09762623614701788,0.0
2025-12-31,SKU039,72,73,10,90,60,142.505,141.56,141.35,145.73,571.145,142.78625,1.4285714285714286,203.98035714285717,145,58.98035714285714,HIGH,856.7175,LOW,0.3365831995381337,REORDER NOW,Furniture,Sofa,1925,3080,0.1260625585446778,181659.49999999997
2025-12-31,SKU038,401,123,5,73,56,144.73,133.405,140.86,123.005,542.0,135.5,0.7142857142857143,96.78571428571428,524,-427.2142857142857,LOW,813.0,LOW,0.2405891876805456,HEALTHY,Furniture,Office Chair,3073,4916,0.7398523985239852,0.0
2025-12-31,SKU037,225,35,10,95,52,143.66,138.195,134.44,137.175,553.47,138.3675,1.4285714285714286,197.66785714285717,260,-62.332142857142856,LOW,830.205,LOW,0.2489843712201986,HEALTHY,Furniture,Dining Chair,6460,10336,0.4065260989755542,0.0
2025-12-31,SKU036,355,21,5,46,41,138.705,129.475,133.115,145.1,546.395,136.59875,0.7142857142857143,97.57053571428573,376,-278.4294642857143,LOW,819.5925,LOW,0.1959137104533625,HEALTHY,Furniture,Dining Chair,3787,6059,0.649713119629572,0.0
2025-12-31,SKU035,359,143,14,90,36,134.25,144.65,132.9,148.73,560.53,140.1325,2.0,280.265,502,-221.735,LOW,840.795,LOW,0.2226522857822664,HEALTHY,Furniture,Sofa,3724,5958,0.6404652739371667,0.0
2025-12-31,SKU034,240,74,3,87,55,132.25,145.125,143.85,146.62,567.845,141.96125,0.4285714285714285,60.840535714285714,314,-253.15946428571428,LOW,851.7675,LOW,0.2582281057719516,HEALTHY,Furniture,Coffee Table,6213,9940,0.4226505472444065,0.0
2025-12-31,SKU033,187,3,10,119,15,139.015,132.095,123.12,135.35,529.58,132.395,1.4285714285714286,189.1357142857143,190,-0.8642857142856997,LOW,794.3700000000001,LOW,0.2910724860494434,HEALTHY,Furniture,Office Chair,3652,5843,0.35311001170739076,0.0
2025-12-31,SKU032,317,43,7,39,56,132.42,130.065,127.845,136.62,526.95,131.7375,1.0,131.7375,360,-228.2625,LOW,790.4250000000001,LOW,0.2706326184299313,HEALTHY,Furniture,Office Chair,4964,7942,0.6015751020020874,0.0
2025-12-31,SKU031,118,110,3,117,38,145.515,137.165,150.51,148.26,581.4499999999999,145.36249999999998,0.4285714285714285,62.29821428571427,228,-165.70178571428573,LOW,872.175,LOW,0.3386711624659796,WATCH/VOLATILE,Furniture,Dining Chair,2006,3209,0.20294092355318602,0.0
2025-12-31,SKU044,466,12,14,67,42,132.605,138.47,140.3,155.905,567.28,141.82,2.0,283.64,478,-194.36,LOW,850.92,LOW,0.2881375777695634,HEALTHY,Furniture,Dining Chair,2864,4582,0.8214638273868284,0.0
2025-12-31,SKU122,198,101,14,99,38,141.255,140.135,130.125,156.89,568.405,142.10125,2.0,284.2025,299,-14.797500000000014,LOW,852.6075,LOW,0.2730042364142294,HEALTHY,Lighting,LED Strip,5293,8468,0.3483431708025088,0.0
2025-12-31,SKU123,494,38,5,84,58,136.245,137.46,135.555,141.805,551.065,137.76625,0.7142857142857143,98.4044642857143,532,-433.5955357142857,LOW,826.5975000000001,LOW,0.2423613088557986,HEALTHY,Lighting,Desk Lamp,7617,12187,0.8964459727981272,0.0
2025-12-31,SKU124,461,141,3,100,36,154.84,136.875,143.965,143.58,579.2600000000001,144.81500000000003,0.4285714285714285,62.06357142857144,602,-539.9364285714286,LOW,868.8900000000001,LOW,0.3172607082209954,HEALTHY,Lighting,LED Strip,4786,7657,0.7958429720678105,0.0
2025-12-31,SKU215,435,0,7,111,26,141.45,131.065,134.875,156.385,563.775,140.94375,1.0,140.94375,435,-294.05625,LOW,845.6624999999999,LOW,0.2587226113170273,HEALTHY,Storage,Rack,7724,12358,0.7715844086736731,0.0
2025-12-31,SKU214,363,4,10,56,21,148.53,139.365,144.955,130.035,562.885,140.72125,1.4285714285714286,201.0303571428572,367,-165.96964285714284,LOW,844.3275,LOW,0.3044068646640875,HEALTHY,Storage,Cabinet,7834,12534,0.644891940627304,0.0
2025-12-31,SKU213,380,139,3,82,34,132.82,132.065,133.535,145.32,543.74,135.935,0.4285714285714285,58.25785714285714,519,-460.7421428571429,LOW,815.61,LOW,0.307589389668144,HEALTHY,Storage,Cabinet,2918,4668,0.6988634273733769,0.0
2025-12-31,SKU212,129,28,5,112,60,139.32,132.94,139.84,142.27,554.37,138.5925,0.7142857142857143,98.99464285714286,157,-58.005357142857136,LOW,831.5550000000001,LOW,0.2271370457812695,HEALTHY,Storage,Rack,7743,12388,0.2326965744899616,0.0
2025-12-31,SKU211,124,52,7,47,23,147.655,153.235,144.715,133.535,579.14,144.785,1.0,144.785,176,-31.215000000000003,LOW,868.71,LOW,0.2604943952965087,HEALTHY,Storage,Rack,2629,4206,0.2141105777532203,0.0
2025-12-31,SKU210,370,104,3,119,22,137.805,133.56,122.675,147.145,541.1850000000001,135.29625,0.4285714285714285,57.98410714285715,474,-416.0158928571428,LOW,811.7775000000001,LOW,0.2606520028739983,HEALTHY,Storage,Storage Box,7165,11464,0.6836848767057475,0.0
2025-12-31,SKU209,25,104,5,84,58,147.635,141.435,139.315,141.4,569.785,142.44625,0.7142857142857143,101.74732142857142,129,-27.25267857142857,LOW,854.6775,LOW,0.2738354665439118,HEALTHY,Storage,Storage Box,2398,3836,0.043876198917135414,0.0
2025-12-31,SKU208,478,123,5,43,55,139.82,128.64,141.52,143.54,553.52,138.38,0.7142857142857143,98.84285714285714,601,-502.1571428571429,LOW,830.28,LOW,0.2301382429959713,HEALTHY,Storage,Cabinet,2155,3448,0.8635640988582165,0.0
2025-12-31,SKU207,137,84,10,103,53,141.23,128.92,138.42,145.94,554.51,138.6275,1.4285714285714286,198.0392857142857,221,-22.96071428571429,LOW,831.765,LOW,0.320709005311388,HEALTHY,Storage,Organizer,3496,5593,0.24706497628536908,0.0
2025-12-31,SKU206,22,83,14,61,12,126.735,143.575,150.96,140.545,561.8149999999999,140.45375,2.0,280.9075,105,175.90749999999997,HIGH,842.7224999999999,LOW,0.2792678082336011,REORDER NOW,Storage,Rack,5092,8147,0.03915879782490678,1433118.4024999999
2025-12-31,SKU205,302,122,5,120,31,135.755,142.66,133.88,144.24,556.535,139.13375,0.7142857142857143,99.38125,424,-324.61875,LOW,834.8025,LOW,0.247110546313522,HEALTHY,Storage,Cabinet,3938,6300,0.5426433198271448,0.0
2025-12-31,SKU204,392,63,14,39,14,148.935,135.42,134.945,146.115,565.415,141.35375,2.0,282.7075,455,-172.29250000000002,LOW,848.1225,LOW,0.2922423649441902,HEALTHY,Storage,Shelf,5511,8817,0.6932960745647003,0.0
2025-12-31,SKU203,78,68,14,90,50,131.165,131.895,131.13,146.195,540.385,135.09625,2.0,270.1925,146,124.1925,HIGH,810.5775,LOW,0.1900847905674472,REORDER NOW,Storage,Cabinet,4857,7771,0.14434153427648805,965099.9175
2025-12-31,SKU202,436,35,3,91,39,142.62,133.29,145.365,140.47,561.745,140.43625,0.4285714285714285,60.18696428571428,471,-410.8130357142857,LOW,842.6175000000001,LOW,0.2600864522759104,HEALTHY,Storage,Shelf,5415,8664,0.7761528807555029,0.0
2025-12-31,SKU201,127,117,14,114,34,133.135,125.44,133.255,129.54,521.37,130.3425,2.0,260.685,244,16.685000000000002,HIGH,782.0550000000001,LOW,0.3029724727574361,REORDER NOW,Storage,Organizer,5076,8121,0.24358900588833265,135498.885
2025-12-31,SKU200,480,1,3,45,18,128.29,135.025,149.055,129.115,541.485,135.37125,0.4285714285714285,58.01625,481,-422.98375,LOW,812.2275,LOW,0.3143221852437977,HEALTHY,Home Decor,Cushion,5722,9155,0.8864511482312529,0.0
2025-12-31,SKU199,402,21,3,82,39,139.81,130.175,142.03,144.78,556.795,139.19875,0.4285714285714285,59.65660714285713,423,-363.3433928571429,LOW,835.1924999999999,LOW,0.3105959368523245,HEALTHY,Home Decor,Wall Clock,3897,6235,0.7219892420010956,0.0
2025-12-31,SKU198,287,6,5,62,48,132.91,135.965,137.68,146.03,552.585,138.14625,0.7142857142857143,98.67589285714288,293,-194.32410714285717,LOW,828.8775,LOW,0.2179923419687599,HEALTHY,Home Decor,Painting,3349,5358,0.5193771094039831,0.0
2025-12-31,SKU197,343,8,7,108,41,149.01,133.16,145.505,146.19,573.865,143.46625,1.0,143.46625,351,-207.53375,LOW,860.7975,LOW,0.2645830379243665,HEALTHY,Home Decor,Mirror,680,1088,0.5977015500161188,0.0
2025-12-31,SKU196,76,7,14,68,47,142.155,141.175,142.005,143.645,568.98,142.245,2.0,284.49,83,201.49,HIGH,853.47,LOW,0.2231716358239735,REORDER NOW,Home Decor,Painting,6277,10043,0.1335723575521108,2023564.07
2025-12-31,SKU195,63,108,10,78,25,142.835,144.76,145.495,130.845,563.9350000000001,140.98375,1.4285714285714286,201.4053571428572,171,30.40535714285716,HIGH,845.9025000000001,LOW,0.2459402778012412,REORDER NOW,Home Decor,Wall Clock,1539,2462,0.11171500261554965,74857.98928571433
2025-12-31,SKU194,457,12,3,65,23,144.765,147.42,143.585,149.49,585.26,146.315,0.4285714285714285,62.70642857142857,469,-406.29357142857145,LOW,877.89,LOW,0.2550877217322406,HEALTHY,Home Decor,Wall Clock,5048,8076,0.7808495369579332,0.0
2025-12-31,SKU193,391,10,10,37,51,120.23,134.115,131.785,145.045,531.175,132.79375,1.4285714285714286,189.70535714285717,401,-211.2946428571429,LOW,796.7624999999999,LOW,0.3653193111186502,WATCH/VOLATILE,Home Decor,Mirror,2335,3736,0.7361039205534899,0.0
2025-12-31,SKU192,57,128,7,86,27,120.215,139.02,132.35,151.1,542.6850000000001,135.67125,1.0,135.67125,185,-49.32874999999999,LOW,814.0275000000001,LOW,0.3328565443260387,HEALTHY,Home Decor,Mirror,846,1353,0.10503330661433427,0.0
2025-12-31,SKU191,252,148,3,79,43,146.69,147.515,134.5283333333333,140.585,569.3183333333333,142.32958333333332,0.4285714285714285,60.998392857142846,400,-339.00160714285715,LOW,853.9775,LOW,0.2819377187542582,HEALTHY,Home Decor,Wall Clock,1636,2617,0.4426346127386261,0.0
2025-12-31,SKU190,116,48,14,71,10,131.65,135.84,143.1,153.8,564.3900000000001,141.09750000000005,2.0,282.19500000000005,164,118.19500000000004,HIGH,846.5850000000002,LOW,0.2342070307367014,REORDER NOW,Home Decor,Cushion,3385,5416,0.20553163592551246,640144.1200000002
2025-12-31,SKU189,268,50,3,43,58,145.685,139.13,123.51,156.235,564.56,141.14,0.4285714285714285,60.48857142857142,318,-257.5114285714286,LOW,846.8399999999999,LOW,0.2651014407725994,HEALTHY,Home Decor,Cushion,6074,9718,0.4747059657078079,0.0
2025-12-31,SKU216,199,127,10,93,36,139.355,141.205,140.505,133.32,554.385,138.59625,1.4285714285714286,197.99464285714285,326,-128.00535714285715,LOW,831.5775,LOW,0.2802215716124438,HEALTHY,Storage,Organizer,696,1113,0.3589563209682802,0.0
2025-12-31,SKU217,412,7,5,72,53,141.03,139.12,127.505,139.185,546.8399999999999,136.70999999999998,0.7142857142857143,97.65,419,-321.35,LOW,820.2599999999999,LOW,0.3690361783712139,WATCH/VOLATILE,Storage,Storage Box,1765,2824,0.7534196474288641,0.0
2025-12-31,SKU218,65,5,14,120,26,124.845,141.305,132.53,130.595,529.275,132.31875,2.0,264.6375,70,194.6375,HIGH,793.9124999999999,LOW,0.3372772504169712,REORDER NOW,Storage,Shelf,4916,7865,0.12280950356619905,1530823.9375
2025-12-31,SKU219,322,108,5,77,26,127.905,145.425,133.065,142.12,548.5150000000001,137.12875000000005,0.7142857142857143,97.94910714285716,430,-332.05089285714286,LOW,822.7725000000002,LOW,0.2619570905132479,HEALTHY,Storage,Storage Box,6465,10344,0.5870395522456084,0.0
2025-12-31,SKU247,374,65,14,70,26,143.865,128.98,138.315,152.06,563.22,140.805,2.0,281.61,439,-157.39,LOW,844.83,LOW,0.2292989989741419,HEALTHY,Storage,Storage Box,5572,8915,0.6640389190724761,0.0
2025-12-31,SKU246,345,24,7,110,34,131.63,128.915,132.715,142.905,536.165,134.04125,1.0,134.04125,369,-234.95875,LOW,804.2475,LOW,0.198941272888068,HEALTHY,Storage,Storage Box,7911,12657,0.6434586368002387,0.0
2025-12-31,SKU245,123,111,10,111,44,141.56,132.37,145.635,132.21,551.775,137.94375,1.4285714285714286,197.0625,234,-36.9375,LOW,827.6624999999999,LOW,0.2163016878187429,HEALTHY,Storage,Shelf,4760,7616,0.2229169498436863,0.0
2025-12-31,SKU244,280,39,5,86,53,135.23,131.74,144.54,145.26,556.77,139.1925,0.7142857142857143,99.42321428571428,319,-219.57678571428573,LOW,835.155,LOW,0.3348702272980868,WATCH/VOLATILE,Storage,Shelf,2364,3782,0.5029006591590782,0.0
2025-12-31,SKU243,259,142,3,98,48,144.055,131.175,138.365,144.61,558.205,139.55125,0.4285714285714285,59.807678571428575,401,-341.1923214285714,LOW,837.3075000000001,LOW,0.2634259938922488,HEALTHY,Storage,Storage Box,1224,1958,0.4639872448294085,0.0
2025-12-31,SKU242,54,7,14,38,40,152.37,129.995,148.05,144.525,574.94,143.735,2.0,287.47,61,226.47000000000003,HIGH,862.4100000000001,LOW,0.3169305677498143,REORDER NOW,Storage,Shelf,3158,5052,0.09392284412286499,1144126.4400000002
2025-12-31,SKU241,288,15,10,109,28,139.515,124.795,131.29,138.8,534.4000000000001,133.60000000000002,1.4285714285714286,190.8571428571429,303,-112.14285714285712,LOW,801.6000000000001,LOW,0.321398591306006,HEALTHY,Storage,Storage Box,2541,4065,0.5389221556886227,0.0
2025-12-31,SKU240,227,108,7,90,18,140.835,136.735,122.88,149.97,550.4200000000001,137.60500000000002,1.0,137.60500000000002,335,-197.395,LOW,825.6300000000001,LOW,0.2461897235409909,HEALTHY,Storage,Shelf,7383,11812,0.4124123396678899,0.0
2025-12-31,SKU239,36,140,10,112,36,142.215,133.595,135.72,152.44,563.97,140.9925,1.4285714285714286,201.41785714285717,176,25.417857142857144,HIGH,845.955,LOW,0.3073427522045526,REORDER NOW,Storage,Shelf,5092,8147,0.06383318261609659,207079.28214285715
2025-12-31,SKU238,461,0,5,34,34,139.79,136.22,141.705,148.99,566.705,141.67625,0.7142857142857143,101.19732142857144,461,-359.80267857142854,LOW,850.0575000000001,LOW,0.25572739681287,HEALTHY,Storage,Storage Box,6150,9840,0.8134743826152936,0.0
2025-12-31,SKU237,353,142,3,46,32,143.525,133.33,142.09,160.49,579.4350000000001,144.85875,0.4285714285714285,62.08232142857143,495,-432.91767857142855,LOW,869.1525000000001,LOW,0.2623683588759025,HEALTHY,Storage,Organizer,1367,2187,0.6092141482651203,0.0
2025-12-31,SKU236,444,54,14,76,58,134.365,141.34,141.76,144.93,562.395,140.59875,2.0,281.1975,498,-216.8025,LOW,843.5925,LOW,0.2304365235213296,HEALTHY,Storage,Shelf,5037,8059,0.7894807030645721,0.0
2025-12-31,SKU235,472,86,5,35,20,138.47,140.94,145.98,132.125,557.515,139.37875,0.7142857142857143,99.55625,558,-458.44375,LOW,836.2725,LOW,0.2395294912509844,HEALTHY,Storage,Rack,583,932,0.8466139924486337,0.0
2025-12-31,SKU188,37,136,5,84,24,137.86,138.39,145.65,158.905,580.805,145.20125,0.7142857142857143,103.71517857142857,173,-69.28482142857143,LOW,871.2075,LOW,0.3120741909345679,HEALTHY,Home Decor,Cushion,2637,4219,0.06370468573789827,0.0
2025-12-31,SKU234,101,9,5,40,28,138.055,139.105,141.855,142.545,561.56,140.39,0.7142857142857143,100.27857142857142,110,-9.721428571428577,LOW,842.3399999999999,LOW,0.2547775404990309,HEALTHY,Storage,Organizer,3304,5286,0.1798561151079137,0.0
2025-12-31,SKU232,434,78,10,90,17,149.195,130.995,130.665,145.845,556.7,139.175,1.4285714285714286,198.82142857142856,512,-313.17857142857144,LOW,835.0500000000001,LOW,0.2373262274475346,HEALTHY,Storage,Organizer,3205,5128,0.7795940362852524,0.0
2025-12-31,SKU231,18,86,14,44,50,142.375,139.2,135.255,149.715,566.545,141.63625,2.0,283.2725,104,179.27249999999998,HIGH,849.8174999999999,LOW,0.2718284308011445,REORDER NOW,Storage,Rack,3165,5064,0.031771527416180535,907835.94
2025-12-31,SKU230,149,9,3,32,58,136.97,143.595,132.55,135.84,548.955,137.23875,0.4285714285714285,58.81660714285714,158,-99.18339285714283,LOW,823.4325000000001,LOW,0.3807669016204661,WATCH/VOLATILE,Storage,Shelf,3153,5044,0.27142479802533903,0.0
2025-12-31,SKU229,34,78,7,55,41,151.145,136.275,136.12,138.71,562.25,140.5625,1.0,140.5625,112,28.5625,HIGH,843.375,LOW,0.2373764070654361,REORDER NOW,Storage,Storage Box,1054,1686,0.06047132058692752,48156.375
2025-12-31,SKU228,161,4,5,46,43,133.92,136.785,133.545,142.915,547.165,136.79125,0.7142857142857143,97.70803571428571,165,-67.29196428571429,LOW,820.7475,LOW,0.2829687567270778,HEALTHY,Storage,Rack,849,1358,0.2942439666279824,0.0
2025-12-31,SKU227,194,147,5,40,11,147.575,134.04,134.54,147.575,563.73,140.9325,0.7142857142857143,100.66607142857144,341,-240.33392857142857,LOW,845.595,LOW,0.2664366971482798,HEALTHY,Storage,Rack,1919,3070,0.34413637734376384,0.0
2025-12-31,SKU226,400,12,3,113,19,140.055,119.425,147.97,140.125,547.575,136.89375,0.4285714285714285,58.66875,412,-353.33125,LOW,821.3625000000001,LOW,0.3060049605174042,HEALTHY,Storage,Storage Box,7422,11875,0.7304935396977582,0.0
2025-12-31,SKU225,419,123,10,75,32,148.625,130.12,138.18,147.325,564.25,141.0625,1.4285714285714286,201.51785714285717,542,-340.4821428571429,LOW,846.375,LOW,0.2786126938768821,HEALTHY,Storage,Shelf,6915,11064,0.7425786442179885,0.0
2025-12-31,SKU224,481,125,7,76,19,133.49,136.81,151.53,139.31,561.1400000000001,140.28500000000005,1.0,140.28500000000005,606,-465.715,LOW,841.7100000000002,LOW,0.2855548401857298,HEALTHY,Storage,Organizer,1607,2571,0.8571835905478132,0.0
2025-12-31,SKU223,355,22,10,78,24,141.76,130.105,143.94,130.61,546.415,136.60375,1.4285714285714286,195.1482142857143,377,-181.8517857142857,LOW,819.6225,LOW,0.2811549502035544,HEALTHY,Storage,Cabinet,669,1070,0.6496893386894577,0.0
2025-12-31,SKU222,131,6,5,61,18,135.195,137.93,145.695,132.365,551.185,137.79625,0.7142857142857143,98.42589285714286,137,-38.57410714285714,LOW,826.7774999999999,LOW,0.2599837030019329,HEALTHY,Storage,Storage Box,1920,3072,0.2376697479067827,0.0
2025-12-31,SKU221,236,99,7,38,35,140.555,135.28,140.71,140.5,557.0450000000001,139.26125000000002,1.0,139.26125000000002,335,-195.73875,LOW,835.5675000000001,LOW,0.2938943211663512,HEALTHY,Storage,Rack,2366,3785,0.4236641563967004,0.0
2025-12-31,SKU220,461,90,14,68,59,142.12,123.605,130.26,140.205,536.19,134.0475,2.0,268.095,551,-282.905,LOW,804.2850000000001,LOW,0.3129874566760038,HEALTHY,Storage,Cabinet,967,1547,0.8597698576996959,0.0
2025-12-31,SKU233,180,99,10,39,44,139.91,144.465,146.125,144.885,575.385,143.84625,1.4285714285714286,205.49464285714285,279,-73.50535714285715,LOW,863.0775,LOW,0.3322830961351845,HEALTHY,Storage,Cabinet,596,953,0.3128340154852838,0.0
2025-12-31,SKU249,375,126,3,43,25,131.155,134.485,130.4,143.65,539.6899999999999,134.9225,0.4285714285714285,57.82392857142856,501,-443.17607142857145,LOW,809.5349999999999,LOW,0.2913990913473078,HEALTHY,Storage,Cabinet,6003,9604,0.694843335989179,0.0
2025-12-31,SKU187,340,122,3,104,35,138.99,139.525,133.545,143.725,555.785,138.94625,0.4285714285714285,59.54839285714285,462,-402.45160714285714,LOW,833.6775,LOW,0.16237263559445,HEALTHY,Home Decor,Wall Clock,7742,12387,0.6117473483451334,0.0
2025-12-31,SKU185,176,134,3,120,46,147.195,137.41,148.405,137.23,570.24,142.56,0.4285714285714285,61.097142857142856,310,-248.9028571428572,LOW,855.36,LOW,0.2010372018666761,HEALTHY,Home Decor,Wall Clock,1555,2488,0.30864197530864196,0.0
2025-12-31,SKU152,277,110,5,89,12,135.03,125.405,136.845,141.965,539.245,134.81125,0.7142857142857143,96.29375,387,-290.70625,LOW,808.8675000000001,LOW,0.2729456514233501,HEALTHY,Home Decor,Cushion,5019,8030,0.5136811653330119,0.0
2025-12-31,SKU151,16,133,5,33,32,140.425,128.155,138.675,160.485,567.74,141.935,0.7142857142857143,101.38214285714288,149,-47.61785714285713,LOW,851.61,LOW,0.2613956513252543,HEALTHY,Home Decor,Wall Clock,7708,12332,0.028181914256525872,0.0
2025-12-31,SKU150,364,86,10,64,20,142.95,144.805,139.62,148.8,576.175,144.04375,1.4285714285714286,205.7767857142857,450,-244.2232142857143,LOW,864.2624999999999,LOW,0.2561282595924009,HEALTHY,Lighting,Desk Lamp,7076,11321,0.6317525057491215,0.0
2025-12-31,SKU149,198,91,7,46,51,137.7,138.14,128.535,148.36,552.735,138.18375,1.0,138.18375,289,-150.81625,LOW,829.1025,LOW,0.2974394540293698,HEALTHY,Lighting,Floor Lamp,688,1100,0.3582186762191647,0.0
2025-12-31,SKU148,348,123,7,97,54,135.62,138.845,136.21,150.795,561.47,140.3675,1.0,140.3675,471,-330.6325,LOW,842.205,LOW,0.3030748763998416,HEALTHY,Lighting,LED Strip,2479,3966,0.619801592248918,0.0
2025-12-31,SKU147,287,47,3,87,27,142.14,140.895,144.635,144.79,572.4599999999999,143.11499999999998,0.4285714285714285,61.33499999999999,334,-272.665,LOW,858.6899999999998,LOW,0.3069658325973447,HEALTHY,Lighting,LED Strip,3921,6273,0.5013450721447787,0.0
2025-12-31,SKU146,156,29,7,78,51,149.85,133.485,132.405,145.575,561.315,140.32875,1.0,140.32875,185,-44.67124999999999,LOW,841.9725000000001,LOW,0.2802701679007589,HEALTHY,Lighting,Wall Light,3260,5216,0.27791881563827797,0.0
2025-12-31,SKU145,361,97,5,64,41,144.935,132.57,138.44,161.94,577.885,144.47125,0.7142857142857143,103.19375,458,-354.80625,LOW,866.8275,LOW,0.3751002609565187,WATCH/VOLATILE,Lighting,LED Strip,5004,8006,0.6246917639322702,0.0
2025-12-31,SKU144,32,49,7,82,48,127.38,143.54,140.61,138.585,550.115,137.52875,1.0,137.52875,81,56.52875,HIGH,825.1725,LOW,0.2242122712762955,REORDER NOW,Lighting,Wall Light,7065,11304,0.05816965543568163,639000.99
2025-12-31,SKU143,34,76,3,101,40,131.27,128.345,138.08,145.725,543.4200000000001,135.85500000000002,0.4285714285714285,58.22357142857143,110,-51.77642857142857,LOW,815.1300000000001,LOW,0.2780604340625136,HEALTHY,Lighting,LED Strip,7742,12387,0.06256670715100658,0.0
2025-12-31,SKU142,262,132,3,112,46,142.56,143.59,134.98833333333332,144.12,565.2583333333333,141.31458333333333,0.4285714285714285,60.56339285714285,394,-333.4366071428572,LOW,847.8875,LOW,0.242469802886754,HEALTHY,Lighting,Desk Lamp,6303,10084,0.4635048871459952,0.0
2025-12-31,SKU141,131,102,14,65,27,146.88,134.965,140.845,123.525,546.215,136.55375,2.0,273.1075,233,40.107500000000016,HIGH,819.3225,LOW,0.2368240778811488,REORDER NOW,Lighting,LED Strip,1711,2737,0.23983230046776452,109774.22750000004
2025-12-31,SKU140,263,31,10,102,15,134.235,140.34,132.34,149.795,556.71,139.1775,1.4285714285714286,198.825,294,-95.17499999999998,LOW,835.065,LOW,0.2649187519261262,HEALTHY,Lighting,Floor Lamp,6634,10614,0.47241831474196616,0.0
2025-12-31,SKU139,206,138,5,62,13,139.8,133.55,140.875,140.985,555.21,138.8025,0.7142857142857143,99.14464285714288,344,-244.85535714285717,LOW,832.815,LOW,0.2652839520533683,HEALTHY,Lighting,Floor Lamp,3702,5923,0.37103078114587273,0.0
2025-12-31,SKU138,167,89,7,61,28,142.095,142.11,136.15,150.48,570.835,142.70875,1.0,142.70875,256,-113.29125,LOW,856.2525,LOW,0.295245410728361,HEALTHY,Lighting,Wall Light,3459,5534,0.2925538903536048,0.0
2025-12-31,SKU137,188,42,14,79,60,141.835,142.88,145.65,142.44,572.8050000000001,143.20125000000002,2.0,286.40250000000003,230,56.40250000000003,HIGH,859.2075000000001,LOW,0.2681740737463024,REORDER NOW,Lighting,LED Strip,3311,5297,0.3282094255462155,298764.04250000016
2025-12-31,SKU136,336,94,10,92,34,136.095,149.125,159.865,140.695,585.78,146.445,1.4285714285714286,209.20714285714288,430,-220.79285714285717,LOW,878.67,LOW,0.2092052963328414,HEALTHY,Lighting,LED Strip,2877,4603,0.5735941821161529,0.0
2025-12-31,SKU135,42,125,3,50,50,145.655,129.85,127.28,141.315,544.0999999999999,136.02499999999998,0.4285714285714285,58.29642857142856,167,-108.70357142857144,LOW,816.1499999999999,LOW,0.2362420531195907,HEALTHY,Lighting,Desk Lamp,398,636,0.07719169270354716,0.0
2025-12-31,SKU134,340,1,14,99,37,143.03,138.745,140.11,144.59,566.475,141.61875,2.0,283.2375,341,-57.76249999999999,LOW,849.7125000000001,LOW,0.3658986134949824,WATCH/VOLATILE,Lighting,Wall Light,6992,11187,0.600203009841564,0.0
2025-12-31,SKU133,114,91,7,104,46,138.345,147.12,138.41,150.815,574.69,143.6725,1.0,143.6725,205,-61.32749999999999,LOW,862.0350000000001,LOW,0.289133929843876,HEALTHY,Lighting,Desk Lamp,3838,6140,0.19836781569193823,0.0
2025-12-31,SKU132,114,20,3,68,54,142.225,145.915,140.975,148.895,578.01,144.5025,0.4285714285714285,61.92964285714285,134,-72.07035714285715,LOW,867.015,LOW,0.3243572620889338,HEALTHY,Lighting,Ceiling Light,5853,9364,0.1972284216536046,0.0
2025-12-31,SKU131,463,102,10,57,36,150.305,135.59,136.185,148.445,570.525,142.63125,1.4285714285714286,203.75892857142856,565,-361.2410714285714,LOW,855.7874999999999,LOW,0.3262727080775122,HEALTHY,Lighting,LED Strip,7680,12288,0.811533236930897,0.0
2025-12-31,SKU130,229,15,7,87,34,150.56,150.38,132.92,142.66,576.52,144.13,1.0,144.13,244,-99.87,LOW,864.78,LOW,0.2077795918493291,HEALTHY,Lighting,Floor Lamp,6377,10203,0.3972108513147853,0.0
2025-12-31,SKU129,112,34,7,58,52,130.14,140.43,142.92,132.595,546.085,136.52125,1.0,136.52125,146,-9.478749999999993,LOW,819.1275,LOW,0.2269753852225672,HEALTHY,Lighting,Floor Lamp,2655,4248,0.20509627622073484,0.0
2025-12-31,SKU128,401,24,7,74,37,144.665,132.8,113.835,143.115,534.415,133.60375,1.0,133.60375,425,-291.39625,LOW,801.6225,LOW,0.2702410749068744,HEALTHY,Lighting,Desk Lamp,3938,6300,0.7503531899366598,0.0
2025-12-31,SKU127,182,135,14,60,35,142.115,132.025,133.285,142.06,549.4849999999999,137.37124999999995,2.0,274.74249999999995,317,-42.25750000000005,LOW,824.2274999999998,LOW,0.3061012554644434,HEALTHY,Lighting,Ceiling Light,2989,4782,0.3312192325541189,0.0
2025-12-31,SKU126,464,78,5,52,33,144.125,143.335,146.355,134.63,568.445,142.11125,0.7142857142857143,101.50803571428573,542,-440.4919642857143,LOW,852.6675,LOW,0.2285198462717168,HEALTHY,Lighting,Wall Light,4192,6707,0.8162619074844532,0.0
2025-12-31,SKU153,11,69,7,53,47,151.465,139.44,136.25,152.905,580.06,145.015,1.0,145.015,80,65.01499999999999,HIGH,870.0899999999999,LOW,0.339679776574019,REORDER NOW,Home Decor,Mirror,5197,8315,0.018963555494259217,540599.7249999999
2025-12-31,SKU154,403,10,5,58,41,137.51,123.875,134.505,139.205,535.095,133.77375,0.7142857142857143,95.55267857142856,413,-317.4473214285714,LOW,802.6425,LOW,0.3682531849496919,WATCH/VOLATILE,Home Decor,Wall Clock,1761,2817,0.7531372933778113,0.0
2025-12-31,SKU155,276,142,3,56,51,142.415,137.395,147.585,147.63,575.025,143.75625,0.4285714285714285,61.60982142857142,418,-356.3901785714286,LOW,862.5374999999999,LOW,0.2980835533796204,HEALTHY,Home Decor,Vase,7200,11520,0.47997913134211556,0.0
2025-12-31,SKU156,174,14,3,95,58,135.82,144.01,126.675,153.37,559.875,139.96875,0.4285714285714285,59.98660714285714,188,-128.01339285714286,LOW,839.8125,LOW,0.2808903615157857,HEALTHY,Home Decor,Wall Clock,4562,7299,0.31078365706630945,0.0
2025-12-31,SKU184,416,80,7,50,32,130.545,137.905,134.74,153.42,556.61,139.1525,1.0,139.1525,496,-356.8475,LOW,834.915,LOW,0.27915801176417,HEALTHY,Home Decor,Wall Clock,1873,2996,0.7473814699699969,0.0
2025-12-31,SKU183,218,21,10,105,60,136.755,135.87,122.385,136.85,531.86,132.965,1.4285714285714286,189.95,239,-49.04999999999998,LOW,797.79,LOW,0.1967884193405806,HEALTHY,Home Decor,Mirror,1862,2979,0.40988229985334484,0.0
2025-12-31,SKU182,109,40,10,54,27,148.545,135.645,144.245,132.515,560.95,140.2375,1.4285714285714286,200.3392857142857,149,51.33928571428572,HIGH,841.4250000000001,LOW,0.2776177634624663,REORDER NOW,Home Decor,Cushion,6537,10459,0.1943132186469382,536957.5892857143
2025-12-31,SKU181,464,12,14,92,17,147.34,141.645,145.06,128.265,562.31,140.5775,2.0,281.155,476,-194.84500000000003,LOW,843.4649999999999,LOW,0.286572905291668,HEALTHY,Home Decor,Vase,4227,6763,0.8251676121712224,0.0
2025-12-31,SKU180,249,4,7,75,52,149.39,139.13,136.07,150.905,575.495,143.87375,1.0,143.87375,253,-109.12625,LOW,863.2425000000001,LOW,0.3807250617646724,WATCH/VOLATILE,Home Decor,Wall Clock,2195,3512,0.4326710049609467,0.0
2025-12-31,SKU179,63,149,10,79,55,147.135,138.185,138.315,145.965,569.6,142.4,1.4285714285714286,203.42857142857144,212,-8.571428571428555,LOW,854.4000000000001,LOW,0.1651214601611358,HEALTHY,Home Decor,Painting,7995,12792,0.11060393258426966,0.0
2025-12-31,SKU178,77,97,14,47,48,134.445,135.365,131.095,145.1,546.005,136.50125,2.0,273.0025,174,99.0025,HIGH,819.0074999999999,LOW,0.3083754690460094,REORDER NOW,Home Decor,Mirror,5129,8206,0.1410243495938682,812414.515
2025-12-31,SKU177,334,78,10,69,12,142.375,142.86,139.575,145.045,569.855,142.46375,1.4285714285714286,203.51964285714288,412,-208.48035714285717,LOW,854.7825,LOW,0.2871002187043902,HEALTHY,Home Decor,Wall Clock,3047,4875,0.5861140114590554,0.0
2025-12-31,SKU176,358,55,5,109,38,131.235,132.82,124.455,137.37,525.88,131.47,0.7142857142857143,93.90714285714286,413,-319.0928571428572,LOW,788.8199999999999,LOW,0.2979163621807633,HEALTHY,Home Decor,Mirror,1523,2436,0.6807636723206816,0.0
2025-12-31,SKU175,441,65,7,47,26,134.79,138.02,141.9,163.405,578.115,144.52875,1.0,144.52875,506,-361.47125,LOW,867.1725,LOW,0.3424441713359276,WATCH/VOLATILE,Home Decor,Wall Clock,1204,1926,0.7628240056044212,0.0
2025-12-31,SKU174,221,98,7,58,36,141.87,134.685,140.46,123.85,540.865,135.21625,1.0,135.21625,319,-183.78375,LOW,811.2975,LOW,0.2723871801733701,HEALTHY,Home Decor,Wall Clock,884,1414,0.4086047350078116,0.0
2025-12-31,SKU173,274,121,3,100,29,135.88,137.53,126.485,137.02,536.915,134.22875,0.4285714285714285,57.52660714285714,395,-337.47339285714287,LOW,805.3725,LOW,0.2115932964964594,HEALTHY,Home Decor,Cushion,1966,3145,0.5103228630230111,0.0
2025-12-31,SKU172,250,0,3,103,42,142.685,134.22,133.72,156.115,566.74,141.685,0.4285714285714285,60.722142857142856,250,-189.2778571428572,LOW,850.11,LOW,0.3229784958159803,HEALTHY,Home Decor,Vase,1213,1940,0.4411193845502347,0.0
2025-12-31,SKU186,131,85,5,68,38,140.0,142.69,138.435,148.89,570.015,142.50375,0.7142857142857143,101.78839285714284,216,-114.21160714285716,LOW,855.0225,LOW,0.2558026534819823,HEALTHY,Home Decor,Painting,6726,10761,0.2298185135478891,0.0
2025-12-31,SKU171,468,21,10,67,12,131.8,127.33,139.59,136.88,535.6,133.9,1.4285714285714286,191.2857142857143,489,-297.71428571428567,LOW,803.4000000000001,LOW,0.4023402541129121,WATCH/VOLATILE,Home Decor,Painting,930,1488,0.8737864077669902,0.0
2025-12-31,SKU169,161,106,5,105,26,145.54,139.905,144.81,124.7,554.955,138.73875,0.7142857142857143,99.09910714285716,267,-167.90089285714285,LOW,832.4325000000001,LOW,0.2775905270711464,HEALTHY,Home Decor,Wall Clock,1577,2523,0.2901136128154535,0.0
2025-12-31,SKU168,417,110,14,107,11,133.86,141.41,130.66,140.7,546.6299999999999,136.65749999999997,2.0,273.31499999999994,527,-253.6850000000001,LOW,819.9449999999998,LOW,0.2951516601232914,HEALTHY,Home Decor,Cushion,4805,7688,0.7628560452225456,0.0
2025-12-31,SKU167,21,47,10,35,18,123.705,125.69,126.63,135.77,511.795,127.94875,1.4285714285714286,182.78392857142856,68,114.78392857142856,HIGH,767.6924999999999,LOW,0.2900290675185751,REORDER NOW,Home Decor,Painting,2001,3201,0.04103205384968591,367423.3553571428
2025-12-31,SKU166,96,9,10,96,52,136.755,137.85,138.47,143.095,556.1700000000001,139.04250000000002,1.4285714285714286,198.6321428571429,105,93.6321428571429,HIGH,834.2550000000001,LOW,0.3412188559564875,REORDER NOW,Home Decor,Painting,3255,5208,0.1726090943416581,487636.2000000002
2025-12-31,SKU165,430,95,10,73,45,141.195,140.11,130.78,157.15,569.235,142.30875,1.4285714285714286,203.2982142857143,525,-321.70178571428573,LOW,853.8525,LOW,0.239451351540029,HEALTHY,Home Decor,Vase,3844,6150,0.7553997909474996,0.0
2025-12-31,SKU164,338,113,10,66,29,149.51,137.87,145.965,130.705,564.0500000000001,141.01250000000002,1.4285714285714286,201.4464285714286,451,-249.5535714285714,LOW,846.075,LOW,0.2131913469683159,HEALTHY,Home Decor,Painting,4661,7457,0.5992376562361492,0.0
2025-12-31,SKU163,337,60,10,49,57,144.545,142.13,144.54,133.58,564.795,141.19875,1.4285714285714286,201.7125,397,-195.2875,LOW,847.1924999999999,LOW,0.2425992149934458,HEALTHY,Home Decor,Wall Clock,514,822,0.5966766702963022,0.0
2025-12-31,SKU162,311,7,10,91,30,135.53,139.395,133.935,157.09,565.95,141.4875,1.4285714285714286,202.12500000000003,318,-115.87499999999996,LOW,848.9250000000001,LOW,0.2947622887305257,HEALTHY,Home Decor,Mirror,5103,8164,0.5495185087021821,0.0
2025-12-31,SKU161,171,116,10,50,30,145.545,143.975,140.98,137.35,567.85,141.9625,1.4285714285714286,202.80357142857144,287,-84.19642857142856,LOW,851.7750000000001,LOW,0.1952751877882876,HEALTHY,Home Decor,Wall Clock,621,993,0.301135863344193,0.0
2025-12-31,SKU160,377,115,3,68,29,123.675,141.955,135.98,147.43,549.04,137.26,0.4285714285714285,58.82571428571428,492,-433.1742857142857,LOW,823.56,LOW,0.2489029306878513,HEALTHY,Home Decor,Vase,1346,2153,0.6866530671717908,0.0
2025-12-31,SKU159,254,16,7,77,34,127.515,136.465,133.47,146.81,544.26,136.065,1.0,136.065,270,-133.935,LOW,816.39,LOW,0.2580996128926183,HEALTHY,Home Decor,Vase,4095,6552,0.46668871495241243,0.0
2025-12-31,SKU158,384,148,5,54,54,136.685,136.31,139.065,143.33,555.39,138.8475,0.7142857142857143,99.17678571428571,532,-432.8232142857143,LOW,833.085,LOW,0.2852630483662672,HEALTHY,Home Decor,Wall Clock,4039,6462,0.6914060389996219,0.0
2025-12-31,SKU157,371,101,10,49,59,132.585,142.655,143.475,146.225,564.94,141.235,1.4285714285714286,201.76428571428573,472,-270.23571428571427,LOW,847.4100000000001,LOW,0.2900066690856397,HEALTHY,Home Decor,Mirror,4455,7128,0.6567069069281694,0.0
2025-12-31,SKU170,244,44,7,100,54,136.435,145.18,130.64,151.125,563.38,140.845,1.0,140.845,288,-147.155,LOW,845.0699999999999,LOW,0.2326250212425483,HEALTHY,Home Decor,Mirror,3058,4892,0.4331002165501083,0.0
2025-12-31,SKU500,133,123,14,89,45,145.76,134.58,136.905,145.435,562.6800000000001,140.67000000000002,2.0,281.34000000000003,256,25.340000000000032,HIGH,844.0200000000001,LOW,0.2964345916753807,REORDER NOW,Electronics,Fan,2182,3491,0.23636880642638797,88461.9400000001
